# BreakablePositions::classify() from WebKit-7625.1.29.11.27 (2756e8be58521b10c8e8bff8da1f13d97f2eae27), run over every UTF-16 code unit.
# rules	nbsp	first	last	bits	classes
Normal	Normal	0000	000F	32768	Weird
Normal	Normal	0010	001F	4	CM
Normal	Normal	0020	0020	256	SP
Normal	Normal	0021	0021	32768	Weird
Normal	Normal	0022	0022	128	QU
Normal	Normal	0023	0026	32768	Weird
Normal	Normal	0027	0027	128	QU
Normal	Normal	0028	0028	8	OP
Normal	Normal	0029	0029	16	CP
Normal	Normal	002A	002F	32768	Weird
Normal	Normal	0030	0039	1	AL
Normal	Normal	003A	003F	32768	Weird
Normal	Normal	0040	005A	1	AL
Normal	Normal	005B	005B	8	OP
Normal	Normal	005C	005C	32768	Weird
Normal	Normal	005D	005D	16	CP
Normal	Normal	005E	005F	32768	Weird
Normal	Normal	0060	007A	1	AL
Normal	Normal	007B	007B	8	OP
Normal	Normal	007C	007C	32768	Weird
Normal	Normal	007D	007D	32	CL
Normal	Normal	007E	009F	32768	Weird
Normal	Normal	00A0	00A0	64	GL
Normal	Normal	00A1	00A1	8	OP
Normal	Normal	00A2	00AA	32768	Weird
Normal	Normal	00AB	00AB	640	QU|Pi
Normal	Normal	00AC	00BA	32768	Weird
Normal	Normal	00BB	00BB	1152	QU|Pf
Normal	Normal	00BC	00BE	32768	Weird
Normal	Normal	00BF	00BF	8	OP
Normal	Normal	00C0	00C0	32768	Weird
Normal	Normal	00C1	02C7	1	AL
Normal	Normal	02C8	02C8	32768	Weird
Normal	Normal	02C9	02CB	1	AL
Normal	Normal	02CC	02CC	32768	Weird
Normal	Normal	02CD	02DE	1	AL
Normal	Normal	02DF	02DF	32768	Weird
Normal	Normal	02E0	02FF	1	AL
Normal	Normal	0300	034E	4	CM
Normal	Normal	034F	034F	64	GL
Normal	Normal	0350	035B	4	CM
Normal	Normal	035C	0362	64	GL
Normal	Normal	0363	036F	4	CM
Normal	Normal	0370	037D	1	AL
Normal	Normal	037E	037E	32768	Weird
Normal	Normal	037F	0482	1	AL
Normal	Normal	0483	0489	4	CM
Normal	Normal	048A	0588	1	AL
Normal	Normal	0589	0590	32768	Weird
Normal	Normal	0591	05BD	4	CM
Normal	Normal	05BE	05BE	32768	Weird
Normal	Normal	05BF	05BF	4	CM
Normal	Normal	05C0	05C0	32768	Weird
Normal	Normal	05C1	05C2	4	CM
Normal	Normal	05C3	05C3	32768	Weird
Normal	Normal	05C4	05C5	4	CM
Normal	Normal	05C6	05C6	32768	Weird
Normal	Normal	05C7	05C7	4	CM
Normal	Normal	05C8	05FF	1	AL
Normal	Normal	0600	2017	32768	Weird
Normal	Normal	2018	2018	640	QU|Pi
Normal	Normal	2019	2019	1152	QU|Pf
Normal	Normal	201A	201B	32768	Weird
Normal	Normal	201C	201C	640	QU|Pi
Normal	Normal	201D	201D	1152	QU|Pf
Normal	Normal	201E	2E7F	32768	Weird
Normal	Normal	2E80	2FFF	2	ID
Normal	Normal	3000	3000	32768	Weird
Normal	Normal	3001	3002	32	CL
Normal	Normal	3003	3007	32768	Weird
Normal	Normal	3008	3008	8	OP
Normal	Normal	3009	3009	32	CL
Normal	Normal	300A	300A	8	OP
Normal	Normal	300B	300B	32	CL
Normal	Normal	300C	300C	8	OP
Normal	Normal	300D	300D	32	CL
Normal	Normal	300E	300E	8	OP
Normal	Normal	300F	300F	32	CL
Normal	Normal	3010	3010	8	OP
Normal	Normal	3011	3011	32	CL
Normal	Normal	3012	3013	32768	Weird
Normal	Normal	3014	3014	8	OP
Normal	Normal	3015	3015	32	CL
Normal	Normal	3016	3016	8	OP
Normal	Normal	3017	3017	32	CL
Normal	Normal	3018	3018	8	OP
Normal	Normal	3019	3019	32	CL
Normal	Normal	301A	301A	8	OP
Normal	Normal	301B	301B	32	CL
Normal	Normal	301C	301C	32768	Weird
Normal	Normal	301D	301D	8	OP
Normal	Normal	301E	301F	32	CL
Normal	Normal	3020	3020	32768	Weird
Normal	Normal	3021	3022	32	CL
Normal	Normal	3023	3027	32768	Weird
Normal	Normal	3028	3028	8	OP
Normal	Normal	3029	3029	32	CL
Normal	Normal	302A	302A	8	OP
Normal	Normal	302B	302B	32	CL
Normal	Normal	302C	302C	8	OP
Normal	Normal	302D	302D	32	CL
Normal	Normal	302E	302E	8	OP
Normal	Normal	302F	302F	32	CL
Normal	Normal	3030	3030	8	OP
Normal	Normal	3031	3031	32	CL
Normal	Normal	3032	3033	32768	Weird
Normal	Normal	3034	3034	8	OP
Normal	Normal	3035	3035	32	CL
Normal	Normal	3036	3036	8	OP
Normal	Normal	3037	3037	32	CL
Normal	Normal	3038	3038	8	OP
Normal	Normal	3039	3039	32	CL
Normal	Normal	303A	303A	8	OP
Normal	Normal	303B	303B	32	CL
Normal	Normal	303C	303C	32768	Weird
Normal	Normal	303D	303D	8	OP
Normal	Normal	303E	303F	32	CL
Normal	Normal	3040	30FF	32768	Weird
Normal	Normal	3100	31EF	2	ID
Normal	Normal	31F0	31FF	32768	Weird
Normal	Normal	3200	3247	2	ID
Normal	Normal	3248	324F	1	AL
Normal	Normal	3250	4DBF	2	ID
Normal	Normal	4DC0	4DFF	1	AL
Normal	Normal	4E00	A014	2	ID
Normal	Normal	A015	A015	32768	Weird
Normal	Normal	A016	A4CF	2	ID
Normal	Normal	A4D0	ABFF	32768	Weird
Normal	Normal	AC00	D7AF	2	ID
Normal	Normal	D7B0	F8FF	32768	Weird
Normal	Normal	F900	FAFF	2	ID
Normal	Normal	FB00	FFFF	32768	Weird
Normal	Break	0000	000F	32768	Weird
Normal	Break	0010	001F	4	CM
Normal	Break	0020	0020	256	SP
Normal	Break	0021	0021	32768	Weird
Normal	Break	0022	0022	128	QU
Normal	Break	0023	0026	32768	Weird
Normal	Break	0027	0027	128	QU
Normal	Break	0028	0028	8	OP
Normal	Break	0029	0029	16	CP
Normal	Break	002A	002F	32768	Weird
Normal	Break	0030	0039	1	AL
Normal	Break	003A	003F	32768	Weird
Normal	Break	0040	005A	1	AL
Normal	Break	005B	005B	8	OP
Normal	Break	005C	005C	32768	Weird
Normal	Break	005D	005D	16	CP
Normal	Break	005E	005F	32768	Weird
Normal	Break	0060	007A	1	AL
Normal	Break	007B	007B	8	OP
Normal	Break	007C	007C	32768	Weird
Normal	Break	007D	007D	32	CL
Normal	Break	007E	009F	32768	Weird
Normal	Break	00A0	00A0	256	SP
Normal	Break	00A1	00A1	8	OP
Normal	Break	00A2	00AA	32768	Weird
Normal	Break	00AB	00AB	640	QU|Pi
Normal	Break	00AC	00BA	32768	Weird
Normal	Break	00BB	00BB	1152	QU|Pf
Normal	Break	00BC	00BE	32768	Weird
Normal	Break	00BF	00BF	8	OP
Normal	Break	00C0	00C0	32768	Weird
Normal	Break	00C1	02C7	1	AL
Normal	Break	02C8	02C8	32768	Weird
Normal	Break	02C9	02CB	1	AL
Normal	Break	02CC	02CC	32768	Weird
Normal	Break	02CD	02DE	1	AL
Normal	Break	02DF	02DF	32768	Weird
Normal	Break	02E0	02FF	1	AL
Normal	Break	0300	034E	4	CM
Normal	Break	034F	034F	64	GL
Normal	Break	0350	035B	4	CM
Normal	Break	035C	0362	64	GL
Normal	Break	0363	036F	4	CM
Normal	Break	0370	037D	1	AL
Normal	Break	037E	037E	32768	Weird
Normal	Break	037F	0482	1	AL
Normal	Break	0483	0489	4	CM
Normal	Break	048A	0588	1	AL
Normal	Break	0589	0590	32768	Weird
Normal	Break	0591	05BD	4	CM
Normal	Break	05BE	05BE	32768	Weird
Normal	Break	05BF	05BF	4	CM
Normal	Break	05C0	05C0	32768	Weird
Normal	Break	05C1	05C2	4	CM
Normal	Break	05C3	05C3	32768	Weird
Normal	Break	05C4	05C5	4	CM
Normal	Break	05C6	05C6	32768	Weird
Normal	Break	05C7	05C7	4	CM
Normal	Break	05C8	05FF	1	AL
Normal	Break	0600	2017	32768	Weird
Normal	Break	2018	2018	640	QU|Pi
Normal	Break	2019	2019	1152	QU|Pf
Normal	Break	201A	201B	32768	Weird
Normal	Break	201C	201C	640	QU|Pi
Normal	Break	201D	201D	1152	QU|Pf
Normal	Break	201E	2E7F	32768	Weird
Normal	Break	2E80	2FFF	2	ID
Normal	Break	3000	3000	32768	Weird
Normal	Break	3001	3002	32	CL
Normal	Break	3003	3007	32768	Weird
Normal	Break	3008	3008	8	OP
Normal	Break	3009	3009	32	CL
Normal	Break	300A	300A	8	OP
Normal	Break	300B	300B	32	CL
Normal	Break	300C	300C	8	OP
Normal	Break	300D	300D	32	CL
Normal	Break	300E	300E	8	OP
Normal	Break	300F	300F	32	CL
Normal	Break	3010	3010	8	OP
Normal	Break	3011	3011	32	CL
Normal	Break	3012	3013	32768	Weird
Normal	Break	3014	3014	8	OP
Normal	Break	3015	3015	32	CL
Normal	Break	3016	3016	8	OP
Normal	Break	3017	3017	32	CL
Normal	Break	3018	3018	8	OP
Normal	Break	3019	3019	32	CL
Normal	Break	301A	301A	8	OP
Normal	Break	301B	301B	32	CL
Normal	Break	301C	301C	32768	Weird
Normal	Break	301D	301D	8	OP
Normal	Break	301E	301F	32	CL
Normal	Break	3020	3020	32768	Weird
Normal	Break	3021	3022	32	CL
Normal	Break	3023	3027	32768	Weird
Normal	Break	3028	3028	8	OP
Normal	Break	3029	3029	32	CL
Normal	Break	302A	302A	8	OP
Normal	Break	302B	302B	32	CL
Normal	Break	302C	302C	8	OP
Normal	Break	302D	302D	32	CL
Normal	Break	302E	302E	8	OP
Normal	Break	302F	302F	32	CL
Normal	Break	3030	3030	8	OP
Normal	Break	3031	3031	32	CL
Normal	Break	3032	3033	32768	Weird
Normal	Break	3034	3034	8	OP
Normal	Break	3035	3035	32	CL
Normal	Break	3036	3036	8	OP
Normal	Break	3037	3037	32	CL
Normal	Break	3038	3038	8	OP
Normal	Break	3039	3039	32	CL
Normal	Break	303A	303A	8	OP
Normal	Break	303B	303B	32	CL
Normal	Break	303C	303C	32768	Weird
Normal	Break	303D	303D	8	OP
Normal	Break	303E	303F	32	CL
Normal	Break	3040	30FF	32768	Weird
Normal	Break	3100	31EF	2	ID
Normal	Break	31F0	31FF	32768	Weird
Normal	Break	3200	3247	2	ID
Normal	Break	3248	324F	1	AL
Normal	Break	3250	4DBF	2	ID
Normal	Break	4DC0	4DFF	1	AL
Normal	Break	4E00	A014	2	ID
Normal	Break	A015	A015	32768	Weird
Normal	Break	A016	A4CF	2	ID
Normal	Break	A4D0	ABFF	32768	Weird
Normal	Break	AC00	D7AF	2	ID
Normal	Break	D7B0	F8FF	32768	Weird
Normal	Break	F900	FAFF	2	ID
Normal	Break	FB00	FFFF	32768	Weird
Special	Normal	0000	000F	32768	Weird
Special	Normal	0010	001F	4	CM
Special	Normal	0020	0020	256	SP
Special	Normal	0021	0021	32768	Weird
Special	Normal	0022	0022	128	QU
Special	Normal	0023	0026	32768	Weird
Special	Normal	0027	0027	128	QU
Special	Normal	0028	0028	8	OP
Special	Normal	0029	0029	16	CP
Special	Normal	002A	002F	32768	Weird
Special	Normal	0030	0039	1	AL
Special	Normal	003A	003F	32768	Weird
Special	Normal	0040	005A	1	AL
Special	Normal	005B	005B	8	OP
Special	Normal	005C	005C	32768	Weird
Special	Normal	005D	005D	16	CP
Special	Normal	005E	005F	32768	Weird
Special	Normal	0060	007A	1	AL
Special	Normal	007B	007B	8	OP
Special	Normal	007C	007C	32768	Weird
Special	Normal	007D	007D	32	CL
Special	Normal	007E	009F	32768	Weird
Special	Normal	00A0	00A0	64	GL
Special	Normal	00A1	00A1	8	OP
Special	Normal	00A2	00AA	32768	Weird
Special	Normal	00AB	00AB	640	QU|Pi
Special	Normal	00AC	00BA	32768	Weird
Special	Normal	00BB	00BB	1152	QU|Pf
Special	Normal	00BC	00BE	32768	Weird
Special	Normal	00BF	00BF	8	OP
Special	Normal	00C0	00C0	32768	Weird
Special	Normal	00C1	02C7	1	AL
Special	Normal	02C8	02C8	32768	Weird
Special	Normal	02C9	02CB	1	AL
Special	Normal	02CC	02CC	32768	Weird
Special	Normal	02CD	02DE	1	AL
Special	Normal	02DF	02DF	32768	Weird
Special	Normal	02E0	02FF	1	AL
Special	Normal	0300	034E	4	CM
Special	Normal	034F	034F	64	GL
Special	Normal	0350	035B	4	CM
Special	Normal	035C	0362	64	GL
Special	Normal	0363	036F	4	CM
Special	Normal	0370	037D	1	AL
Special	Normal	037E	037E	32768	Weird
Special	Normal	037F	0482	1	AL
Special	Normal	0483	0489	4	CM
Special	Normal	048A	0588	1	AL
Special	Normal	0589	0590	32768	Weird
Special	Normal	0591	05BD	4	CM
Special	Normal	05BE	05BE	32768	Weird
Special	Normal	05BF	05BF	4	CM
Special	Normal	05C0	05C0	32768	Weird
Special	Normal	05C1	05C2	4	CM
Special	Normal	05C3	05C3	32768	Weird
Special	Normal	05C4	05C5	4	CM
Special	Normal	05C6	05C6	32768	Weird
Special	Normal	05C7	05C7	4	CM
Special	Normal	05C8	05FF	1	AL
Special	Normal	0600	2017	32768	Weird
Special	Normal	2018	2018	640	QU|Pi
Special	Normal	2019	2019	1152	QU|Pf
Special	Normal	201A	201B	32768	Weird
Special	Normal	201C	201C	640	QU|Pi
Special	Normal	201D	201D	1152	QU|Pf
Special	Normal	201E	2E7F	32768	Weird
Special	Normal	2E80	2FFF	2	ID
Special	Normal	3000	3000	32768	Weird
Special	Normal	3001	3002	32	CL
Special	Normal	3003	3007	32768	Weird
Special	Normal	3008	3008	8	OP
Special	Normal	3009	3009	32	CL
Special	Normal	300A	300A	8	OP
Special	Normal	300B	300B	32	CL
Special	Normal	300C	300C	8	OP
Special	Normal	300D	300D	32	CL
Special	Normal	300E	300E	8	OP
Special	Normal	300F	300F	32	CL
Special	Normal	3010	3010	8	OP
Special	Normal	3011	3011	32	CL
Special	Normal	3012	3013	32768	Weird
Special	Normal	3014	3014	8	OP
Special	Normal	3015	3015	32	CL
Special	Normal	3016	3016	8	OP
Special	Normal	3017	3017	32	CL
Special	Normal	3018	3018	8	OP
Special	Normal	3019	3019	32	CL
Special	Normal	301A	301A	8	OP
Special	Normal	301B	301B	32	CL
Special	Normal	301C	301C	32768	Weird
Special	Normal	301D	301D	8	OP
Special	Normal	301E	301F	32	CL
Special	Normal	3020	3020	32768	Weird
Special	Normal	3021	3022	32	CL
Special	Normal	3023	3027	32768	Weird
Special	Normal	3028	3028	8	OP
Special	Normal	3029	3029	32	CL
Special	Normal	302A	302A	8	OP
Special	Normal	302B	302B	32	CL
Special	Normal	302C	302C	8	OP
Special	Normal	302D	302D	32	CL
Special	Normal	302E	302E	8	OP
Special	Normal	302F	302F	32	CL
Special	Normal	3030	3030	8	OP
Special	Normal	3031	3031	32	CL
Special	Normal	3032	3033	32768	Weird
Special	Normal	3034	3034	8	OP
Special	Normal	3035	3035	32	CL
Special	Normal	3036	3036	8	OP
Special	Normal	3037	3037	32	CL
Special	Normal	3038	3038	8	OP
Special	Normal	3039	3039	32	CL
Special	Normal	303A	303A	8	OP
Special	Normal	303B	303B	32	CL
Special	Normal	303C	303C	32768	Weird
Special	Normal	303D	303D	8	OP
Special	Normal	303E	303F	32	CL
Special	Normal	3040	30FF	32768	Weird
Special	Normal	3100	31EF	2	ID
Special	Normal	31F0	31FF	32768	Weird
Special	Normal	3200	3247	2	ID
Special	Normal	3248	324F	1	AL
Special	Normal	3250	4DBF	2	ID
Special	Normal	4DC0	4DFF	1	AL
Special	Normal	4E00	A014	2	ID
Special	Normal	A015	A015	32768	Weird
Special	Normal	A016	A4CF	2	ID
Special	Normal	A4D0	ABFF	32768	Weird
Special	Normal	AC00	D7AF	2	ID
Special	Normal	D7B0	F8FF	32768	Weird
Special	Normal	F900	FAFF	2	ID
Special	Normal	FB00	FFFF	32768	Weird
Special	Break	0000	000F	32768	Weird
Special	Break	0010	001F	4	CM
Special	Break	0020	0020	256	SP
Special	Break	0021	0021	32768	Weird
Special	Break	0022	0022	128	QU
Special	Break	0023	0026	32768	Weird
Special	Break	0027	0027	128	QU
Special	Break	0028	0028	8	OP
Special	Break	0029	0029	16	CP
Special	Break	002A	002F	32768	Weird
Special	Break	0030	0039	1	AL
Special	Break	003A	003F	32768	Weird
Special	Break	0040	005A	1	AL
Special	Break	005B	005B	8	OP
Special	Break	005C	005C	32768	Weird
Special	Break	005D	005D	16	CP
Special	Break	005E	005F	32768	Weird
Special	Break	0060	007A	1	AL
Special	Break	007B	007B	8	OP
Special	Break	007C	007C	32768	Weird
Special	Break	007D	007D	32	CL
Special	Break	007E	009F	32768	Weird
Special	Break	00A0	00A0	256	SP
Special	Break	00A1	00A1	8	OP
Special	Break	00A2	00AA	32768	Weird
Special	Break	00AB	00AB	640	QU|Pi
Special	Break	00AC	00BA	32768	Weird
Special	Break	00BB	00BB	1152	QU|Pf
Special	Break	00BC	00BE	32768	Weird
Special	Break	00BF	00BF	8	OP
Special	Break	00C0	00C0	32768	Weird
Special	Break	00C1	02C7	1	AL
Special	Break	02C8	02C8	32768	Weird
Special	Break	02C9	02CB	1	AL
Special	Break	02CC	02CC	32768	Weird
Special	Break	02CD	02DE	1	AL
Special	Break	02DF	02DF	32768	Weird
Special	Break	02E0	02FF	1	AL
Special	Break	0300	034E	4	CM
Special	Break	034F	034F	64	GL
Special	Break	0350	035B	4	CM
Special	Break	035C	0362	64	GL
Special	Break	0363	036F	4	CM
Special	Break	0370	037D	1	AL
Special	Break	037E	037E	32768	Weird
Special	Break	037F	0482	1	AL
Special	Break	0483	0489	4	CM
Special	Break	048A	0588	1	AL
Special	Break	0589	0590	32768	Weird
Special	Break	0591	05BD	4	CM
Special	Break	05BE	05BE	32768	Weird
Special	Break	05BF	05BF	4	CM
Special	Break	05C0	05C0	32768	Weird
Special	Break	05C1	05C2	4	CM
Special	Break	05C3	05C3	32768	Weird
Special	Break	05C4	05C5	4	CM
Special	Break	05C6	05C6	32768	Weird
Special	Break	05C7	05C7	4	CM
Special	Break	05C8	05FF	1	AL
Special	Break	0600	2017	32768	Weird
Special	Break	2018	2018	640	QU|Pi
Special	Break	2019	2019	1152	QU|Pf
Special	Break	201A	201B	32768	Weird
Special	Break	201C	201C	640	QU|Pi
Special	Break	201D	201D	1152	QU|Pf
Special	Break	201E	2E7F	32768	Weird
Special	Break	2E80	2FFF	2	ID
Special	Break	3000	3000	32768	Weird
Special	Break	3001	3002	32	CL
Special	Break	3003	3007	32768	Weird
Special	Break	3008	3008	8	OP
Special	Break	3009	3009	32	CL
Special	Break	300A	300A	8	OP
Special	Break	300B	300B	32	CL
Special	Break	300C	300C	8	OP
Special	Break	300D	300D	32	CL
Special	Break	300E	300E	8	OP
Special	Break	300F	300F	32	CL
Special	Break	3010	3010	8	OP
Special	Break	3011	3011	32	CL
Special	Break	3012	3013	32768	Weird
Special	Break	3014	3014	8	OP
Special	Break	3015	3015	32	CL
Special	Break	3016	3016	8	OP
Special	Break	3017	3017	32	CL
Special	Break	3018	3018	8	OP
Special	Break	3019	3019	32	CL
Special	Break	301A	301A	8	OP
Special	Break	301B	301B	32	CL
Special	Break	301C	301C	32768	Weird
Special	Break	301D	301D	8	OP
Special	Break	301E	301F	32	CL
Special	Break	3020	3020	32768	Weird
Special	Break	3021	3022	32	CL
Special	Break	3023	3027	32768	Weird
Special	Break	3028	3028	8	OP
Special	Break	3029	3029	32	CL
Special	Break	302A	302A	8	OP
Special	Break	302B	302B	32	CL
Special	Break	302C	302C	8	OP
Special	Break	302D	302D	32	CL
Special	Break	302E	302E	8	OP
Special	Break	302F	302F	32	CL
Special	Break	3030	3030	8	OP
Special	Break	3031	3031	32	CL
Special	Break	3032	3033	32768	Weird
Special	Break	3034	3034	8	OP
Special	Break	3035	3035	32	CL
Special	Break	3036	3036	8	OP
Special	Break	3037	3037	32	CL
Special	Break	3038	3038	8	OP
Special	Break	3039	3039	32	CL
Special	Break	303A	303A	8	OP
Special	Break	303B	303B	32	CL
Special	Break	303C	303C	32768	Weird
Special	Break	303D	303D	8	OP
Special	Break	303E	303F	32	CL
Special	Break	3040	30FF	32768	Weird
Special	Break	3100	31EF	2	ID
Special	Break	31F0	31FF	32768	Weird
Special	Break	3200	3247	2	ID
Special	Break	3248	324F	1	AL
Special	Break	3250	4DBF	2	ID
Special	Break	4DC0	4DFF	1	AL
Special	Break	4E00	A014	2	ID
Special	Break	A015	A015	32768	Weird
Special	Break	A016	A4CF	2	ID
Special	Break	A4D0	ABFF	32768	Weird
Special	Break	AC00	D7AF	2	ID
Special	Break	D7B0	F8FF	32768	Weird
Special	Break	F900	FAFF	2	ID
Special	Break	FB00	FFFF	32768	Weird
