# lineBreakTable from WebKit-7625.1.29.11.27 (2756e8be58521b10c8e8bff8da1f13d97f2eae27): unsafeLookup(before, after) for before, after in U+0021..U+00FF.
# Consulted only with LineBreakRules::Normal, when both characters are <= U+00FF (BreakablePositions.h:181-187).
# before	count	afters where a break is allowed before 'after'
21	96	28 3C 5B 7B A1 A2 A3 A4 A5 A6 A7 A8 A9 AA AC AE AF B0 B1 B2 B3 B4 B5 B6 B7 B8 B9 BA BC BD BE BF C0 C1 C2 C3 C4 C5 C6 C7 C8 C9 CA CB CC CD CE CF D0 D1 D2 D3 D4 D5 D6 D7 D8 D9 DA DB DC DD DE DF E0 E1 E2 E3 E4 E5 E6 E7 E8 E9 EA EB EC ED EE EF F0 F1 F2 F3 F4 F5 F6 F7 F8 F9 FA FB FC FD FE FF
22	4	28 3C 5B 7B
23	5	28 3C 5B 7B B4
24	9	A1 A2 A3 A4 A5 B0 B1 B4 BF
25	13	28 3C 5B 7B A1 A2 A3 A4 A5 B0 B1 B4 BF
26	5	28 3C 5B 7B B4
27	0	
28	0	
29	13	28 3C 5B 7B A1 A2 A3 A4 A5 B0 B1 B4 BF
2A	5	28 3C 5B 7B B4
2B	13	28 3C 5B 7B A1 A2 A3 A4 A5 B0 B1 B4 BF
2C	13	28 3C 5B 7B A1 A2 A3 A4 A5 B0 B1 B4 BF
2D	157	21 22 23 24 25 26 27 28 29 2A 2B 2D 2F 3A 3B 3C 3D 3E 3F 40 41 42 43 44 45 46 47 48 49 4A 4B 4C 4D 4E 4F 50 51 52 53 54 55 56 57 58 59 5A 5B 5C 5D 5E 5F 60 61 62 63 64 65 66 67 68 69 6A 6B 6C 6D 6E 6F 70 71 72 73 74 75 76 77 78 79 7A 7B 7C 7D 7E 7F A0 A1 A2 A3 A4 A5 B0 B1 B4 BF C0 C1 C2 C3 C4 C5 C6 C7 C8 C9 CA CB CC CD CE CF D0 D1 D2 D3 D4 D5 D6 D7 D8 D9 DA DB DC DD DE DF E0 E1 E2 E3 E4 E5 E6 E7 E8 E9 EA EB EC ED EE EF F0 F1 F2 F3 F4 F5 F6 F7 F8 F9 FA FB FC FD FE FF
2E	13	28 3C 5B 7B A1 A2 A3 A4 A5 B0 B1 B4 BF
2F	92	A1 A2 A3 A4 A5 A6 A7 A8 A9 AA AC AE AF B0 B1 B2 B3 B4 B5 B6 B7 B8 B9 BA BC BD BE BF C0 C1 C2 C3 C4 C5 C6 C7 C8 C9 CA CB CC CD CE CF D0 D1 D2 D3 D4 D5 D6 D7 D8 D9 DA DB DC DD DE DF E0 E1 E2 E3 E4 E5 E6 E7 E8 E9 EA EB EC ED EE EF F0 F1 F2 F3 F4 F5 F6 F7 F8 F9 FA FB FC FD FE FF
30	1	B4
31	1	B4
32	1	B4
33	1	B4
34	1	B4
35	1	B4
36	1	B4
37	1	B4
38	1	B4
39	1	B4
3A	13	28 3C 5B 7B A1 A2 A3 A4 A5 B0 B1 B4 BF
3B	13	28 3C 5B 7B A1 A2 A3 A4 A5 B0 B1 B4 BF
3C	1	B4
3D	5	28 3C 5B 7B B4
3E	5	28 3C 5B 7B B4
3F	175	23 24 25 26 28 2A 2B 2D 30 31 32 33 34 35 36 37 38 39 3C 3D 3E 40 41 42 43 44 45 46 47 48 49 4A 4B 4C 4D 4E 4F 50 51 52 53 54 55 56 57 58 59 5A 5B 5C 5E 5F 60 61 62 63 64 65 66 67 68 69 6A 6B 6C 6D 6E 6F 70 71 72 73 74 75 76 77 78 79 7A 7B 7C 7E 7F A1 A2 A3 A4 A5 A6 A7 A8 A9 AA AC AE AF B0 B1 B2 B3 B4 B5 B6 B7 B8 B9 BA BC BD BE BF C0 C1 C2 C3 C4 C5 C6 C7 C8 C9 CA CB CC CD CE CF D0 D1 D2 D3 D4 D5 D6 D7 D8 D9 DA DB DC DD DE DF E0 E1 E2 E3 E4 E5 E6 E7 E8 E9 EA EB EC ED EE EF F0 F1 F2 F3 F4 F5 F6 F7 F8 F9 FA FB FC FD FE FF
40	1	B4
41	1	B4
42	1	B4
43	1	B4
44	1	B4
45	1	B4
46	1	B4
47	1	B4
48	1	B4
49	1	B4
4A	1	B4
4B	1	B4
4C	1	B4
4D	1	B4
4E	1	B4
4F	1	B4
50	1	B4
51	1	B4
52	1	B4
53	1	B4
54	1	B4
55	1	B4
56	1	B4
57	1	B4
58	1	B4
59	1	B4
5A	1	B4
5B	0	
5C	13	28 3C 5B 7B A1 A2 A3 A4 A5 B0 B1 B4 BF
5D	13	28 3C 5B 7B A1 A2 A3 A4 A5 B0 B1 B4 BF
5E	1	B4
5F	1	B4
60	1	B4
61	1	B4
62	1	B4
63	1	B4
64	1	B4
65	1	B4
66	1	B4
67	1	B4
68	1	B4
69	1	B4
6A	1	B4
6B	1	B4
6C	1	B4
6D	1	B4
6E	1	B4
6F	1	B4
70	1	B4
71	1	B4
72	1	B4
73	1	B4
74	1	B4
75	1	B4
76	1	B4
77	1	B4
78	1	B4
79	1	B4
7A	1	B4
7B	0	
7C	97	28 3C 5B 7B A0 A1 A2 A3 A4 A5 A6 A7 A8 A9 AA AC AE AF B0 B1 B2 B3 B4 B5 B6 B7 B8 B9 BA BC BD BE BF C0 C1 C2 C3 C4 C5 C6 C7 C8 C9 CA CB CC CD CE CF D0 D1 D2 D3 D4 D5 D6 D7 D8 D9 DA DB DC DD DE DF E0 E1 E2 E3 E4 E5 E6 E7 E8 E9 EA EB EC ED EE EF F0 F1 F2 F3 F4 F5 F6 F7 F8 F9 FA FB FC FD FE FF
7D	96	28 3C 5B 7B A1 A2 A3 A4 A5 A6 A7 A8 A9 AA AC AE AF B0 B1 B2 B3 B4 B5 B6 B7 B8 B9 BA BC BD BE BF C0 C1 C2 C3 C4 C5 C6 C7 C8 C9 CA CB CC CD CE CF D0 D1 D2 D3 D4 D5 D6 D7 D8 D9 DA DB DC DD DE DF E0 E1 E2 E3 E4 E5 E6 E7 E8 E9 EA EB EC ED EE EF F0 F1 F2 F3 F4 F5 F6 F7 F8 F9 FA FB FC FD FE FF
7E	5	28 3C 5B 7B B4
7F	1	B4
80	1	B4
81	1	B4
82	1	B4
83	1	B4
84	1	B4
85	223	21 22 23 24 25 26 27 28 29 2A 2B 2C 2D 2E 2F 30 31 32 33 34 35 36 37 38 39 3A 3B 3C 3D 3E 3F 40 41 42 43 44 45 46 47 48 49 4A 4B 4C 4D 4E 4F 50 51 52 53 54 55 56 57 58 59 5A 5B 5C 5D 5E 5F 60 61 62 63 64 65 66 67 68 69 6A 6B 6C 6D 6E 6F 70 71 72 73 74 75 76 77 78 79 7A 7B 7C 7D 7E 7F 80 81 82 83 84 85 86 87 88 89 8A 8B 8C 8D 8E 8F 90 91 92 93 94 95 96 97 98 99 9A 9B 9C 9D 9E 9F A0 A1 A2 A3 A4 A5 A6 A7 A8 A9 AA AB AC AD AE AF B0 B1 B2 B3 B4 B5 B6 B7 B8 B9 BA BB BC BD BE BF C0 C1 C2 C3 C4 C5 C6 C7 C8 C9 CA CB CC CD CE CF D0 D1 D2 D3 D4 D5 D6 D7 D8 D9 DA DB DC DD DE DF E0 E1 E2 E3 E4 E5 E6 E7 E8 E9 EA EB EC ED EE EF F0 F1 F2 F3 F4 F5 F6 F7 F8 F9 FA FB FC FD FE FF
86	1	B4
87	1	B4
88	1	B4
89	1	B4
8A	1	B4
8B	1	B4
8C	1	B4
8D	1	B4
8E	1	B4
8F	1	B4
90	1	B4
91	1	B4
92	1	B4
93	1	B4
94	1	B4
95	1	B4
96	1	B4
97	1	B4
98	1	B4
99	1	B4
9A	1	B4
9B	1	B4
9C	1	B4
9D	1	B4
9E	1	B4
9F	1	B4
A0	0	
A1	0	
A2	16	24 25 28 2B 5B 5C 7B A1 A2 A3 A4 A5 B0 B1 B4 BF
A3	16	24 25 28 2B 5B 5C 7B A1 A2 A3 A4 A5 B0 B1 B4 BF
A4	16	24 25 28 2B 5B 5C 7B A1 A2 A3 A4 A5 B0 B1 B4 BF
A5	16	24 25 28 2B 5B 5C 7B A1 A2 A3 A4 A5 B0 B1 B4 BF
A6	1	B4
A7	1	B4
A8	1	B4
A9	1	B4
AA	1	B4
AB	0	
AC	1	B4
AD	173	23 24 25 26 28 2A 2B 30 31 32 33 34 35 36 37 38 39 3C 3D 3E 40 41 42 43 44 45 46 47 48 49 4A 4B 4C 4D 4E 4F 50 51 52 53 54 55 56 57 58 59 5A 5B 5C 5E 5F 60 61 62 63 64 65 66 67 68 69 6A 6B 6C 6D 6E 6F 70 71 72 73 74 75 76 77 78 79 7A 7B 7E A0 A1 A2 A3 A4 A5 A6 A7 A8 A9 AA AC AE AF B0 B1 B2 B3 B4 B5 B6 B7 B8 B9 BA BC BD BE BF C0 C1 C2 C3 C4 C5 C6 C7 C8 C9 CA CB CC CD CE CF D0 D1 D2 D3 D4 D5 D6 D7 D8 D9 DA DB DC DD DE DF E0 E1 E2 E3 E4 E5 E6 E7 E8 E9 EA EB EC ED EE EF F0 F1 F2 F3 F4 F5 F6 F7 F8 F9 FA FB FC FD FE FF
AE	1	B4
AF	1	B4
B0	16	24 25 28 2B 5B 5C 7B A1 A2 A3 A4 A5 B0 B1 B4 BF
B1	16	24 25 28 2B 5B 5C 7B A1 A2 A3 A4 A5 B0 B1 B4 BF
B2	1	B4
B3	1	B4
B4	0	
B5	1	B4
B6	1	B4
B7	1	B4
B8	1	B4
B9	1	B4
BA	1	B4
BB	0	
BC	1	B4
BD	1	B4
BE	1	B4
BF	0	
C0	1	B4
C1	1	B4
C2	1	B4
C3	1	B4
C4	1	B4
C5	1	B4
C6	1	B4
C7	1	B4
C8	1	B4
C9	1	B4
CA	1	B4
CB	1	B4
CC	1	B4
CD	1	B4
CE	1	B4
CF	1	B4
D0	1	B4
D1	1	B4
D2	1	B4
D3	1	B4
D4	1	B4
D5	1	B4
D6	1	B4
D7	1	B4
D8	1	B4
D9	1	B4
DA	1	B4
DB	1	B4
DC	1	B4
DD	1	B4
DE	1	B4
DF	1	B4
E0	1	B4
E1	1	B4
E2	1	B4
E3	1	B4
E4	1	B4
E5	1	B4
E6	1	B4
E7	1	B4
E8	1	B4
E9	1	B4
EA	1	B4
EB	1	B4
EC	1	B4
ED	1	B4
EE	1	B4
EF	1	B4
F0	1	B4
F1	1	B4
F2	1	B4
F3	1	B4
F4	1	B4
F5	1	B4
F6	1	B4
F7	1	B4
F8	1	B4
F9	1	B4
FA	1	B4
FB	1	B4
FC	1	B4
FD	1	B4
FE	1	B4
FF	1	B4
# total breakable pairs: 1547
