language	serif	sans-serif	cursive	fantasy	monospace
acf	.Times Fallback	Helvetica	Apple Chancery	Zapfino	Menlo
af	.Times Fallback	Helvetica	Apple Chancery	Zapfino	Menlo
af-NA	.Times Fallback	Helvetica	Apple Chancery	Zapfino	Menlo
af-ZA	.Times Fallback	Helvetica	Apple Chancery	Zapfino	Menlo
agq	.Times Fallback	Helvetica	Apple Chancery	Zapfino	Menlo
agq-CM	.Times Fallback	Helvetica	Apple Chancery	Zapfino	Menlo
ain	.Times Fallback	Helvetica	Apple Chancery	Zapfino	Menlo
ain-JP	.Times Fallback	Helvetica	Apple Chancery	Zapfino	Menlo
ak	.Times Fallback	Helvetica	Apple Chancery	Zapfino	Menlo
ak-GH	.Times Fallback	Helvetica	Apple Chancery	Zapfino	Menlo
am	Kefa III	Kefa III	Kefa III	Kefa III	Menlo
am-ET	Kefa III	Kefa III	Kefa III	Kefa III	Menlo
apw	.Times Fallback	Helvetica	Apple Chancery	Zapfino	Menlo
apw-US	.Times Fallback	Helvetica	Apple Chancery	Zapfino	Menlo
ar	Geeza Pro	Geeza Pro	Geeza Pro	Geeza Pro	Menlo
ar-001	Geeza Pro	Geeza Pro	Geeza Pro	Geeza Pro	Menlo
ar-AE	Geeza Pro	Geeza Pro	Geeza Pro	Geeza Pro	Menlo
ar-BH	Geeza Pro	Geeza Pro	Geeza Pro	Geeza Pro	Menlo
ar-DJ	Geeza Pro	Geeza Pro	Geeza Pro	Geeza Pro	Menlo
ar-DZ	Geeza Pro	Geeza Pro	Geeza Pro	Geeza Pro	Menlo
ar-EG	Geeza Pro	Geeza Pro	Geeza Pro	Geeza Pro	Menlo
ar-EH	Geeza Pro	Geeza Pro	Geeza Pro	Geeza Pro	Menlo
ar-ER	Geeza Pro	Geeza Pro	Geeza Pro	Geeza Pro	Menlo
ar-IL	Geeza Pro	Geeza Pro	Geeza Pro	Geeza Pro	Menlo
ar-IQ	Geeza Pro	Geeza Pro	Geeza Pro	Geeza Pro	Menlo
ar-JO	Geeza Pro	Geeza Pro	Geeza Pro	Geeza Pro	Menlo
ar-KM	Geeza Pro	Geeza Pro	Geeza Pro	Geeza Pro	Menlo
ar-KW	Geeza Pro	Geeza Pro	Geeza Pro	Geeza Pro	Menlo
ar-LB	Geeza Pro	Geeza Pro	Geeza Pro	Geeza Pro	Menlo
ar-LY	Geeza Pro	Geeza Pro	Geeza Pro	Geeza Pro	Menlo
ar-MA	Geeza Pro	Geeza Pro	Geeza Pro	Geeza Pro	Menlo
ar-MR	Geeza Pro	Geeza Pro	Geeza Pro	Geeza Pro	Menlo
ar-OM	Geeza Pro	Geeza Pro	Geeza Pro	Geeza Pro	Menlo
ar-PS	Geeza Pro	Geeza Pro	Geeza Pro	Geeza Pro	Menlo
ar-QA	Geeza Pro	Geeza Pro	Geeza Pro	Geeza Pro	Menlo
ar-SA	Geeza Pro	Geeza Pro	Geeza Pro	Geeza Pro	Menlo
ar-SD	Geeza Pro	Geeza Pro	Geeza Pro	Geeza Pro	Menlo
ar-SO	Geeza Pro	Geeza Pro	Geeza Pro	Geeza Pro	Menlo
ar-SS	Geeza Pro	Geeza Pro	Geeza Pro	Geeza Pro	Menlo
ar-SY	Geeza Pro	Geeza Pro	Geeza Pro	Geeza Pro	Menlo
ar-TD	Geeza Pro	Geeza Pro	Geeza Pro	Geeza Pro	Menlo
ar-TN	Geeza Pro	Geeza Pro	Geeza Pro	Geeza Pro	Menlo
ar-YE	Geeza Pro	Geeza Pro	Geeza Pro	Geeza Pro	Menlo
arn	.Times Fallback	Helvetica	Apple Chancery	Zapfino	Menlo
arn-CL	.Times Fallback	Helvetica	Apple Chancery	Zapfino	Menlo
as	.Times Fallback	Helvetica	Apple Chancery	Zapfino	Menlo
as-IN	.Times Fallback	Helvetica	Apple Chancery	Zapfino	Menlo
asa	.Times Fallback	Helvetica	Apple Chancery	Zapfino	Menlo
asa-TZ	.Times Fallback	Helvetica	Apple Chancery	Zapfino	Menlo
ast	.Times Fallback	Helvetica	Apple Chancery	Zapfino	Menlo
ast-ES	.Times Fallback	Helvetica	Apple Chancery	Zapfino	Menlo
az	.Times Fallback	Helvetica	Apple Chancery	Zapfino	Menlo
az-Cyrl	.Times Fallback	Helvetica	Apple Chancery	Zapfino	Menlo
az-Cyrl-AZ	.Times Fallback	Helvetica	Apple Chancery	Zapfino	Menlo
az-Latn	.Times Fallback	Helvetica	Apple Chancery	Zapfino	Menlo
az-Latn-AZ	.Times Fallback	Helvetica	Apple Chancery	Zapfino	Menlo
ba	.Times Fallback	Helvetica	Apple Chancery	Zapfino	Menlo
ba-RU	.Times Fallback	Helvetica	Apple Chancery	Zapfino	Menlo
bas	.Times Fallback	Helvetica	Apple Chancery	Zapfino	Menlo
bas-CM	.Times Fallback	Helvetica	Apple Chancery	Zapfino	Menlo
be	.Times Fallback	Helvetica	Apple Chancery	Zapfino	Menlo
be-BY	.Times Fallback	Helvetica	Apple Chancery	Zapfino	Menlo
bem	.Times Fallback	Helvetica	Apple Chancery	Zapfino	Menlo
bem-ZM	.Times Fallback	Helvetica	Apple Chancery	Zapfino	Menlo
ber	.Times Fallback	Helvetica	Apple Chancery	Zapfino	Menlo
ber-Latn	.Times Fallback	Helvetica	Apple Chancery	Zapfino	Menlo
ber-Latn-MA	.Times Fallback	Helvetica	Apple Chancery	Zapfino	Menlo
ber-Tfng	.Times Fallback	Helvetica	Apple Chancery	Zapfino	Menlo
ber-Tfng-MA	.Times Fallback	Helvetica	Apple Chancery	Zapfino	Menlo
bez	.Times Fallback	Helvetica	Apple Chancery	Zapfino	Menlo
bez-TZ	.Times Fallback	Helvetica	Apple Chancery	Zapfino	Menlo
bg	.Times Fallback	Helvetica	Snell Roundhand	Snell Roundhand	Menlo
bg-BG	.Times Fallback	Helvetica	Snell Roundhand	Snell Roundhand	Menlo
bgc	.Times Fallback	Helvetica	Apple Chancery	Zapfino	Menlo
bgc-IN	.Times Fallback	Helvetica	Apple Chancery	Zapfino	Menlo
bho	.Times Fallback	Helvetica	Apple Chancery	Zapfino	Menlo
bho-IN	.Times Fallback	Helvetica	Apple Chancery	Zapfino	Menlo
bla	.Times Fallback	Helvetica	Apple Chancery	Zapfino	Menlo
blo	.Times Fallback	Helvetica	Apple Chancery	Zapfino	Menlo
blo-BJ	.Times Fallback	Helvetica	Apple Chancery	Zapfino	Menlo
bm	.Times Fallback	Helvetica	Apple Chancery	Zapfino	Menlo
bm-ML	.Times Fallback	Helvetica	Apple Chancery	Zapfino	Menlo
bn	Kohinoor Bangla	Kohinoor Bangla	Kohinoor Bangla	Kohinoor Bangla	Menlo
bn-BD	Kohinoor Bangla	Kohinoor Bangla	Kohinoor Bangla	Kohinoor Bangla	Menlo
bn-IN	Kohinoor Bangla	Kohinoor Bangla	Kohinoor Bangla	Kohinoor Bangla	Menlo
bo	Kokonor	Kailasa	Kokonor	Kokonor	Menlo
bo-CN	Kokonor	Kailasa	Kokonor	Kokonor	Menlo
bo-IN	Kokonor	Kailasa	Kokonor	Kokonor	Menlo
br	.Times Fallback	Helvetica	Apple Chancery	Zapfino	Menlo
br-FR	.Times Fallback	Helvetica	Apple Chancery	Zapfino	Menlo
brx	.Times Fallback	Helvetica	Apple Chancery	Zapfino	Menlo
brx-IN	.Times Fallback	Helvetica	Apple Chancery	Zapfino	Menlo
bs	.Times Fallback	Helvetica	Apple Chancery	Zapfino	Menlo
bs-Cyrl	.Times Fallback	Helvetica	Apple Chancery	Zapfino	Menlo
bs-Cyrl-BA	.Times Fallback	Helvetica	Apple Chancery	Zapfino	Menlo
bs-Latn	.Times Fallback	Helvetica	Apple Chancery	Zapfino	Menlo
bs-Latn-BA	.Times Fallback	Helvetica	Apple Chancery	Zapfino	Menlo
bua	.Times Fallback	Helvetica	Apple Chancery	Zapfino	Menlo
bua-RU	.Times Fallback	Helvetica	Apple Chancery	Zapfino	Menlo
byn	.Times Fallback	Helvetica	Apple Chancery	Zapfino	Menlo
byn-ER	.Times Fallback	Helvetica	Apple Chancery	Zapfino	Menlo
ca	.Times Fallback	Helvetica	Apple Chancery	Zapfino	Menlo
ca-AD	.Times Fallback	Helvetica	Apple Chancery	Zapfino	Menlo
ca-ES	.Times Fallback	Helvetica	Apple Chancery	Zapfino	Menlo
ca-FR	.Times Fallback	Helvetica	Apple Chancery	Zapfino	Menlo
ca-IT	.Times Fallback	Helvetica	Apple Chancery	Zapfino	Menlo
ccp	.Times Fallback	Helvetica	Apple Chancery	Zapfino	Menlo
ccp-BD	.Times Fallback	Helvetica	Apple Chancery	Zapfino	Menlo
ccp-IN	.Times Fallback	Helvetica	Apple Chancery	Zapfino	Menlo
ce	.Times Fallback	Helvetica	Apple Chancery	Zapfino	Menlo
ce-RU	.Times Fallback	Helvetica	Apple Chancery	Zapfino	Menlo
ceb	.Times Fallback	Helvetica	Apple Chancery	Zapfino	Menlo
ceb-PH	.Times Fallback	Helvetica	Apple Chancery	Zapfino	Menlo
cgg	.Times Fallback	Helvetica	Apple Chancery	Zapfino	Menlo
cgg-UG	.Times Fallback	Helvetica	Apple Chancery	Zapfino	Menlo
cho	.Times Fallback	Helvetica	Apple Chancery	Zapfino	Menlo
cho-US	.Times Fallback	Helvetica	Apple Chancery	Zapfino	Menlo
chr	Galvji	Galvji	Galvji	Galvji	Menlo
chr-US	Galvji	Galvji	Galvji	Galvji	Menlo
cic	.Times Fallback	Helvetica	Apple Chancery	Zapfino	Menlo
cic-US	.Times Fallback	Helvetica	Apple Chancery	Zapfino	Menlo
ckb	Geeza Pro	Geeza Pro	Geeza Pro	Geeza Pro	Menlo
ckb-IQ	Geeza Pro	Geeza Pro	Geeza Pro	Geeza Pro	Menlo
ckb-IR	Geeza Pro	Geeza Pro	Geeza Pro	Geeza Pro	Menlo
co	.Times Fallback	Helvetica	Apple Chancery	Zapfino	Menlo
co-FR	.Times Fallback	Helvetica	Apple Chancery	Zapfino	Menlo
com	.Times Fallback	Helvetica	Apple Chancery	Zapfino	Menlo
cr	.Times Fallback	Helvetica	Apple Chancery	Zapfino	Menlo
crj	.Times Fallback	Helvetica	Apple Chancery	Zapfino	Menlo
crk	.Times Fallback	Helvetica	Apple Chancery	Zapfino	Menlo
crl	.Times Fallback	Helvetica	Apple Chancery	Zapfino	Menlo
crm	.Times Fallback	Helvetica	Apple Chancery	Zapfino	Menlo
cs	.Times Fallback	Helvetica	Apple Chancery	Zapfino	Menlo
cs-CZ	.Times Fallback	Helvetica	Apple Chancery	Zapfino	Menlo
cst	.Times Fallback	Helvetica	Apple Chancery	Zapfino	Menlo
csw	.Times Fallback	Helvetica	Apple Chancery	Zapfino	Menlo
csw-CA	.Times Fallback	Helvetica	Apple Chancery	Zapfino	Menlo
cv	.Times Fallback	Helvetica	Apple Chancery	Zapfino	Menlo
cv-RU	.Times Fallback	Helvetica	Apple Chancery	Zapfino	Menlo
cwd	.Times Fallback	Helvetica	Apple Chancery	Zapfino	Menlo
cy	.Times Fallback	Helvetica	Apple Chancery	Zapfino	Menlo
cy-GB	.Times Fallback	Helvetica	Apple Chancery	Zapfino	Menlo
da	.Times Fallback	Helvetica	Apple Chancery	Zapfino	Menlo
da-DK	.Times Fallback	Helvetica	Apple Chancery	Zapfino	Menlo
da-GL	.Times Fallback	Helvetica	Apple Chancery	Zapfino	Menlo
dav	.Times Fallback	Helvetica	Apple Chancery	Zapfino	Menlo
dav-KE	.Times Fallback	Helvetica	Apple Chancery	Zapfino	Menlo
de	.Times Fallback	Helvetica	Apple Chancery	Zapfino	Menlo
de-AT	.Times Fallback	Helvetica	Apple Chancery	Zapfino	Menlo
de-BE	.Times Fallback	Helvetica	Apple Chancery	Zapfino	Menlo
de-CH	.Times Fallback	Helvetica	Apple Chancery	Zapfino	Menlo
de-DE	.Times Fallback	Helvetica	Apple Chancery	Zapfino	Menlo
de-IT	.Times Fallback	Helvetica	Apple Chancery	Zapfino	Menlo
de-LI	.Times Fallback	Helvetica	Apple Chancery	Zapfino	Menlo
de-LU	.Times Fallback	Helvetica	Apple Chancery	Zapfino	Menlo
dje	.Times Fallback	Helvetica	Apple Chancery	Zapfino	Menlo
dje-NE	.Times Fallback	Helvetica	Apple Chancery	Zapfino	Menlo
doi	.Times Fallback	Helvetica	Apple Chancery	Zapfino	Menlo
doi-IN	.Times Fallback	Helvetica	Apple Chancery	Zapfino	Menlo
dsb	.Times Fallback	Helvetica	Apple Chancery	Zapfino	Menlo
dsb-DE	.Times Fallback	Helvetica	Apple Chancery	Zapfino	Menlo
dua	.Times Fallback	Helvetica	Apple Chancery	Zapfino	Menlo
dua-CM	.Times Fallback	Helvetica	Apple Chancery	Zapfino	Menlo
dv	.Times Fallback	Helvetica	Apple Chancery	Zapfino	Menlo
dv-MV	.Times Fallback	Helvetica	Apple Chancery	Zapfino	Menlo
dyo	.Times Fallback	Helvetica	Apple Chancery	Zapfino	Menlo
dyo-SN	.Times Fallback	Helvetica	Apple Chancery	Zapfino	Menlo
dz	.Times Fallback	Helvetica	Apple Chancery	Zapfino	Menlo
dz-BT	.Times Fallback	Helvetica	Apple Chancery	Zapfino	Menlo
ebu	.Times Fallback	Helvetica	Apple Chancery	Zapfino	Menlo
ebu-KE	.Times Fallback	Helvetica	Apple Chancery	Zapfino	Menlo
ee	.Times Fallback	Helvetica	Apple Chancery	Zapfino	Menlo
ee-GH	.Times Fallback	Helvetica	Apple Chancery	Zapfino	Menlo
ee-TG	.Times Fallback	Helvetica	Apple Chancery	Zapfino	Menlo
el	.Times Fallback	Helvetica	Apple Chancery	Zapfino	Menlo
el-CY	.Times Fallback	Helvetica	Apple Chancery	Zapfino	Menlo
el-GR	.Times Fallback	Helvetica	Apple Chancery	Zapfino	Menlo
en	.Times Fallback	Helvetica	Apple Chancery	Zapfino	Menlo
en-001	.Times Fallback	Helvetica	Apple Chancery	Zapfino	Menlo
en-150	.Times Fallback	Helvetica	Apple Chancery	Zapfino	Menlo
en-AE	.Times Fallback	Helvetica	Apple Chancery	Zapfino	Menlo
en-AG	.Times Fallback	Helvetica	Apple Chancery	Zapfino	Menlo
en-AI	.Times Fallback	Helvetica	Apple Chancery	Zapfino	Menlo
en-AL	.Times Fallback	Helvetica	Apple Chancery	Zapfino	Menlo
en-AR	.Times Fallback	Helvetica	Apple Chancery	Zapfino	Menlo
en-AS	.Times Fallback	Helvetica	Apple Chancery	Zapfino	Menlo
en-AT	.Times Fallback	Helvetica	Apple Chancery	Zapfino	Menlo
en-AU	.Times Fallback	Helvetica	Apple Chancery	Zapfino	Menlo
en-BB	.Times Fallback	Helvetica	Apple Chancery	Zapfino	Menlo
en-BD	.Times Fallback	Helvetica	Apple Chancery	Zapfino	Menlo
en-BE	.Times Fallback	Helvetica	Apple Chancery	Zapfino	Menlo
en-BG	.Times Fallback	Helvetica	Apple Chancery	Zapfino	Menlo
en-BI	.Times Fallback	Helvetica	Apple Chancery	Zapfino	Menlo
en-BM	.Times Fallback	Helvetica	Apple Chancery	Zapfino	Menlo
en-BN	.Times Fallback	Helvetica	Apple Chancery	Zapfino	Menlo
en-BR	.Times Fallback	Helvetica	Apple Chancery	Zapfino	Menlo
en-BS	.Times Fallback	Helvetica	Apple Chancery	Zapfino	Menlo
en-BW	.Times Fallback	Helvetica	Apple Chancery	Zapfino	Menlo
en-BZ	.Times Fallback	Helvetica	Apple Chancery	Zapfino	Menlo
en-CA	.Times Fallback	Helvetica	Apple Chancery	Zapfino	Menlo
en-CC	.Times Fallback	Helvetica	Apple Chancery	Zapfino	Menlo
en-CH	.Times Fallback	Helvetica	Apple Chancery	Zapfino	Menlo
en-CK	.Times Fallback	Helvetica	Apple Chancery	Zapfino	Menlo
en-CL	.Times Fallback	Helvetica	Apple Chancery	Zapfino	Menlo
en-CM	.Times Fallback	Helvetica	Apple Chancery	Zapfino	Menlo
en-CN	.Times Fallback	Helvetica	Apple Chancery	Zapfino	Menlo
en-CO	.Times Fallback	Helvetica	Apple Chancery	Zapfino	Menlo
en-CV	.Times Fallback	Helvetica	Apple Chancery	Zapfino	Menlo
en-CX	.Times Fallback	Helvetica	Apple Chancery	Zapfino	Menlo
en-CY	.Times Fallback	Helvetica	Apple Chancery	Zapfino	Menlo
en-CZ	.Times Fallback	Helvetica	Apple Chancery	Zapfino	Menlo
en-DE	.Times Fallback	Helvetica	Apple Chancery	Zapfino	Menlo
en-DG	.Times Fallback	Helvetica	Apple Chancery	Zapfino	Menlo
en-DK	.Times Fallback	Helvetica	Apple Chancery	Zapfino	Menlo
en-DM	.Times Fallback	Helvetica	Apple Chancery	Zapfino	Menlo
en-EE	.Times Fallback	Helvetica	Apple Chancery	Zapfino	Menlo
en-ER	.Times Fallback	Helvetica	Apple Chancery	Zapfino	Menlo
en-ES	.Times Fallback	Helvetica	Apple Chancery	Zapfino	Menlo
en-FI	.Times Fallback	Helvetica	Apple Chancery	Zapfino	Menlo
en-FJ	.Times Fallback	Helvetica	Apple Chancery	Zapfino	Menlo
en-FK	.Times Fallback	Helvetica	Apple Chancery	Zapfino	Menlo
en-FM	.Times Fallback	Helvetica	Apple Chancery	Zapfino	Menlo
en-FR	.Times Fallback	Helvetica	Apple Chancery	Zapfino	Menlo
en-GB	.Times Fallback	Helvetica	Apple Chancery	Zapfino	Menlo
en-GD	.Times Fallback	Helvetica	Apple Chancery	Zapfino	Menlo
en-GE	.Times Fallback	Helvetica	Apple Chancery	Zapfino	Menlo
en-GG	.Times Fallback	Helvetica	Apple Chancery	Zapfino	Menlo
en-GH	.Times Fallback	Helvetica	Apple Chancery	Zapfino	Menlo
en-GI	.Times Fallback	Helvetica	Apple Chancery	Zapfino	Menlo
en-GM	.Times Fallback	Helvetica	Apple Chancery	Zapfino	Menlo
en-GR	.Times Fallback	Helvetica	Apple Chancery	Zapfino	Menlo
en-GS	.Times Fallback	Helvetica	Apple Chancery	Zapfino	Menlo
en-GU	.Times Fallback	Helvetica	Apple Chancery	Zapfino	Menlo
en-GY	.Times Fallback	Helvetica	Apple Chancery	Zapfino	Menlo
en-HK	.Times Fallback	Helvetica	Apple Chancery	Zapfino	Menlo
en-HU	.Times Fallback	Helvetica	Apple Chancery	Zapfino	Menlo
en-ID	.Times Fallback	Helvetica	Apple Chancery	Zapfino	Menlo
en-IE	.Times Fallback	Helvetica	Apple Chancery	Zapfino	Menlo
en-IL	.Times Fallback	Helvetica	Apple Chancery	Zapfino	Menlo
en-IM	.Times Fallback	Helvetica	Apple Chancery	Zapfino	Menlo
en-IN	.Times Fallback	Helvetica	Apple Chancery	Zapfino	Menlo
en-IO	.Times Fallback	Helvetica	Apple Chancery	Zapfino	Menlo
en-IT	.Times Fallback	Helvetica	Apple Chancery	Zapfino	Menlo
en-JE	.Times Fallback	Helvetica	Apple Chancery	Zapfino	Menlo
en-JM	.Times Fallback	Helvetica	Apple Chancery	Zapfino	Menlo
en-JP	.Times Fallback	Helvetica	Apple Chancery	Zapfino	Menlo
en-KE	.Times Fallback	Helvetica	Apple Chancery	Zapfino	Menlo
en-KI	.Times Fallback	Helvetica	Apple Chancery	Zapfino	Menlo
en-KN	.Times Fallback	Helvetica	Apple Chancery	Zapfino	Menlo
en-KR	.Times Fallback	Helvetica	Apple Chancery	Zapfino	Menlo
en-KY	.Times Fallback	Helvetica	Apple Chancery	Zapfino	Menlo
en-LC	.Times Fallback	Helvetica	Apple Chancery	Zapfino	Menlo
en-LR	.Times Fallback	Helvetica	Apple Chancery	Zapfino	Menlo
en-LS	.Times Fallback	Helvetica	Apple Chancery	Zapfino	Menlo
en-LT	.Times Fallback	Helvetica	Apple Chancery	Zapfino	Menlo
en-LV	.Times Fallback	Helvetica	Apple Chancery	Zapfino	Menlo
en-MG	.Times Fallback	Helvetica	Apple Chancery	Zapfino	Menlo
en-MH	.Times Fallback	Helvetica	Apple Chancery	Zapfino	Menlo
en-MM	.Times Fallback	Helvetica	Apple Chancery	Zapfino	Menlo
en-MO	.Times Fallback	Helvetica	Apple Chancery	Zapfino	Menlo
en-MP	.Times Fallback	Helvetica	Apple Chancery	Zapfino	Menlo
en-MS	.Times Fallback	Helvetica	Apple Chancery	Zapfino	Menlo
en-MT	.Times Fallback	Helvetica	Apple Chancery	Zapfino	Menlo
en-MU	.Times Fallback	Helvetica	Apple Chancery	Zapfino	Menlo
en-MV	.Times Fallback	Helvetica	Apple Chancery	Zapfino	Menlo
en-MW	.Times Fallback	Helvetica	Apple Chancery	Zapfino	Menlo
en-MX	.Times Fallback	Helvetica	Apple Chancery	Zapfino	Menlo
en-MY	.Times Fallback	Helvetica	Apple Chancery	Zapfino	Menlo
en-NA	.Times Fallback	Helvetica	Apple Chancery	Zapfino	Menlo
en-NF	.Times Fallback	Helvetica	Apple Chancery	Zapfino	Menlo
en-NG	.Times Fallback	Helvetica	Apple Chancery	Zapfino	Menlo
en-NL	.Times Fallback	Helvetica	Apple Chancery	Zapfino	Menlo
en-NO	.Times Fallback	Helvetica	Apple Chancery	Zapfino	Menlo
en-NR	.Times Fallback	Helvetica	Apple Chancery	Zapfino	Menlo
en-NU	.Times Fallback	Helvetica	Apple Chancery	Zapfino	Menlo
en-NZ	.Times Fallback	Helvetica	Apple Chancery	Zapfino	Menlo
en-PG	.Times Fallback	Helvetica	Apple Chancery	Zapfino	Menlo
en-PH	.Times Fallback	Helvetica	Apple Chancery	Zapfino	Menlo
en-PK	.Times Fallback	Helvetica	Apple Chancery	Zapfino	Menlo
en-PL	.Times Fallback	Helvetica	Apple Chancery	Zapfino	Menlo
en-PN	.Times Fallback	Helvetica	Apple Chancery	Zapfino	Menlo
en-PR	.Times Fallback	Helvetica	Apple Chancery	Zapfino	Menlo
en-PT	.Times Fallback	Helvetica	Apple Chancery	Zapfino	Menlo
en-PW	.Times Fallback	Helvetica	Apple Chancery	Zapfino	Menlo
en-RO	.Times Fallback	Helvetica	Apple Chancery	Zapfino	Menlo
en-RU	.Times Fallback	Helvetica	Apple Chancery	Zapfino	Menlo
en-RW	.Times Fallback	Helvetica	Apple Chancery	Zapfino	Menlo
en-SA	.Times Fallback	Helvetica	Apple Chancery	Zapfino	Menlo
en-SB	.Times Fallback	Helvetica	Apple Chancery	Zapfino	Menlo
en-SC	.Times Fallback	Helvetica	Apple Chancery	Zapfino	Menlo
en-SD	.Times Fallback	Helvetica	Apple Chancery	Zapfino	Menlo
en-SE	.Times Fallback	Helvetica	Apple Chancery	Zapfino	Menlo
en-SG	.Times Fallback	Helvetica	Apple Chancery	Zapfino	Menlo
en-SH	.Times Fallback	Helvetica	Apple Chancery	Zapfino	Menlo
en-SI	.Times Fallback	Helvetica	Apple Chancery	Zapfino	Menlo
en-SK	.Times Fallback	Helvetica	Apple Chancery	Zapfino	Menlo
en-SL	.Times Fallback	Helvetica	Apple Chancery	Zapfino	Menlo
en-SS	.Times Fallback	Helvetica	Apple Chancery	Zapfino	Menlo
en-SX	.Times Fallback	Helvetica	Apple Chancery	Zapfino	Menlo
en-SZ	.Times Fallback	Helvetica	Apple Chancery	Zapfino	Menlo
en-TC	.Times Fallback	Helvetica	Apple Chancery	Zapfino	Menlo
en-TH	.Times Fallback	Helvetica	Apple Chancery	Zapfino	Menlo
en-TK	.Times Fallback	Helvetica	Apple Chancery	Zapfino	Menlo
en-TO	.Times Fallback	Helvetica	Apple Chancery	Zapfino	Menlo
en-TR	.Times Fallback	Helvetica	Apple Chancery	Zapfino	Menlo
en-TT	.Times Fallback	Helvetica	Apple Chancery	Zapfino	Menlo
en-TV	.Times Fallback	Helvetica	Apple Chancery	Zapfino	Menlo
en-TW	.Times Fallback	Helvetica	Apple Chancery	Zapfino	Menlo
en-TZ	.Times Fallback	Helvetica	Apple Chancery	Zapfino	Menlo
en-UA	.Times Fallback	Helvetica	Apple Chancery	Zapfino	Menlo
en-UG	.Times Fallback	Helvetica	Apple Chancery	Zapfino	Menlo
en-UM	.Times Fallback	Helvetica	Apple Chancery	Zapfino	Menlo
en-US	.Times Fallback	Helvetica	Apple Chancery	Zapfino	Menlo
en-US-POSIX	.Times Fallback	Helvetica	Apple Chancery	Zapfino	Menlo
en-VC	.Times Fallback	Helvetica	Apple Chancery	Zapfino	Menlo
en-VG	.Times Fallback	Helvetica	Apple Chancery	Zapfino	Menlo
en-VI	.Times Fallback	Helvetica	Apple Chancery	Zapfino	Menlo
en-VU	.Times Fallback	Helvetica	Apple Chancery	Zapfino	Menlo
en-WS	.Times Fallback	Helvetica	Apple Chancery	Zapfino	Menlo
en-ZA	.Times Fallback	Helvetica	Apple Chancery	Zapfino	Menlo
en-ZM	.Times Fallback	Helvetica	Apple Chancery	Zapfino	Menlo
en-ZW	.Times Fallback	Helvetica	Apple Chancery	Zapfino	Menlo
eo	.Times Fallback	Helvetica	Apple Chancery	Zapfino	Menlo
eo-001	.Times Fallback	Helvetica	Apple Chancery	Zapfino	Menlo
es	.Times Fallback	Helvetica	Apple Chancery	Zapfino	Menlo
es-003	.Times Fallback	Helvetica	Apple Chancery	Zapfino	Menlo
es-419	.Times Fallback	Helvetica	Apple Chancery	Zapfino	Menlo
es-AG	.Times Fallback	Helvetica	Apple Chancery	Zapfino	Menlo
es-AR	.Times Fallback	Helvetica	Apple Chancery	Zapfino	Menlo
es-BB	.Times Fallback	Helvetica	Apple Chancery	Zapfino	Menlo
es-BM	.Times Fallback	Helvetica	Apple Chancery	Zapfino	Menlo
es-BO	.Times Fallback	Helvetica	Apple Chancery	Zapfino	Menlo
es-BQ	.Times Fallback	Helvetica	Apple Chancery	Zapfino	Menlo
es-BR	.Times Fallback	Helvetica	Apple Chancery	Zapfino	Menlo
es-BS	.Times Fallback	Helvetica	Apple Chancery	Zapfino	Menlo
es-BZ	.Times Fallback	Helvetica	Apple Chancery	Zapfino	Menlo
es-CA	.Times Fallback	Helvetica	Apple Chancery	Zapfino	Menlo
es-CL	.Times Fallback	Helvetica	Apple Chancery	Zapfino	Menlo
es-CO	.Times Fallback	Helvetica	Apple Chancery	Zapfino	Menlo
es-CR	.Times Fallback	Helvetica	Apple Chancery	Zapfino	Menlo
es-CU	.Times Fallback	Helvetica	Apple Chancery	Zapfino	Menlo
es-CW	.Times Fallback	Helvetica	Apple Chancery	Zapfino	Menlo
es-DM	.Times Fallback	Helvetica	Apple Chancery	Zapfino	Menlo
es-DO	.Times Fallback	Helvetica	Apple Chancery	Zapfino	Menlo
es-EA	.Times Fallback	Helvetica	Apple Chancery	Zapfino	Menlo
es-EC	.Times Fallback	Helvetica	Apple Chancery	Zapfino	Menlo
es-ES	.Times Fallback	Helvetica	Apple Chancery	Zapfino	Menlo
es-GD	.Times Fallback	Helvetica	Apple Chancery	Zapfino	Menlo
es-GQ	.Times Fallback	Helvetica	Apple Chancery	Zapfino	Menlo
es-GT	.Times Fallback	Helvetica	Apple Chancery	Zapfino	Menlo
es-GY	.Times Fallback	Helvetica	Apple Chancery	Zapfino	Menlo
es-HN	.Times Fallback	Helvetica	Apple Chancery	Zapfino	Menlo
es-HT	.Times Fallback	Helvetica	Apple Chancery	Zapfino	Menlo
es-IC	.Times Fallback	Helvetica	Apple Chancery	Zapfino	Menlo
es-KN	.Times Fallback	Helvetica	Apple Chancery	Zapfino	Menlo
es-KY	.Times Fallback	Helvetica	Apple Chancery	Zapfino	Menlo
es-LC	.Times Fallback	Helvetica	Apple Chancery	Zapfino	Menlo
es-MX	.Times Fallback	Helvetica	Apple Chancery	Zapfino	Menlo
es-NI	.Times Fallback	Helvetica	Apple Chancery	Zapfino	Menlo
es-PA	.Times Fallback	Helvetica	Apple Chancery	Zapfino	Menlo
es-PE	.Times Fallback	Helvetica	Apple Chancery	Zapfino	Menlo
es-PH	.Times Fallback	Helvetica	Apple Chancery	Zapfino	Menlo
es-PR	.Times Fallback	Helvetica	Apple Chancery	Zapfino	Menlo
es-PY	.Times Fallback	Helvetica	Apple Chancery	Zapfino	Menlo
es-SV	.Times Fallback	Helvetica	Apple Chancery	Zapfino	Menlo
es-TC	.Times Fallback	Helvetica	Apple Chancery	Zapfino	Menlo
es-TT	.Times Fallback	Helvetica	Apple Chancery	Zapfino	Menlo
es-US	.Times Fallback	Helvetica	Apple Chancery	Zapfino	Menlo
es-UY	.Times Fallback	Helvetica	Apple Chancery	Zapfino	Menlo
es-VC	.Times Fallback	Helvetica	Apple Chancery	Zapfino	Menlo
es-VE	.Times Fallback	Helvetica	Apple Chancery	Zapfino	Menlo
es-VG	.Times Fallback	Helvetica	Apple Chancery	Zapfino	Menlo
es-VI	.Times Fallback	Helvetica	Apple Chancery	Zapfino	Menlo
et	.Times Fallback	Helvetica	Apple Chancery	Zapfino	Menlo
et-EE	.Times Fallback	Helvetica	Apple Chancery	Zapfino	Menlo
eu	.Times Fallback	Helvetica	Apple Chancery	Zapfino	Menlo
eu-ES	.Times Fallback	Helvetica	Apple Chancery	Zapfino	Menlo
ewo	.Times Fallback	Helvetica	Apple Chancery	Zapfino	Menlo
ewo-CM	.Times Fallback	Helvetica	Apple Chancery	Zapfino	Menlo
fa	Geeza Pro	Geeza Pro	Geeza Pro	Geeza Pro	Menlo
fa-AF	Geeza Pro	Geeza Pro	Geeza Pro	Geeza Pro	Menlo
fa-IR	Geeza Pro	Geeza Pro	Geeza Pro	Geeza Pro	Menlo
ff	.Times Fallback	Helvetica	Apple Chancery	Zapfino	Menlo
ff-Adlm	.Times Fallback	Helvetica	Apple Chancery	Zapfino	Menlo
ff-Adlm-BF	.Times Fallback	Helvetica	Apple Chancery	Zapfino	Menlo
ff-Adlm-CM	.Times Fallback	Helvetica	Apple Chancery	Zapfino	Menlo
ff-Adlm-GH	.Times Fallback	Helvetica	Apple Chancery	Zapfino	Menlo
ff-Adlm-GM	.Times Fallback	Helvetica	Apple Chancery	Zapfino	Menlo
ff-Adlm-GN	.Times Fallback	Helvetica	Apple Chancery	Zapfino	Menlo
ff-Adlm-GW	.Times Fallback	Helvetica	Apple Chancery	Zapfino	Menlo
ff-Adlm-LR	.Times Fallback	Helvetica	Apple Chancery	Zapfino	Menlo
ff-Adlm-MR	.Times Fallback	Helvetica	Apple Chancery	Zapfino	Menlo
ff-Adlm-NE	.Times Fallback	Helvetica	Apple Chancery	Zapfino	Menlo
ff-Adlm-NG	.Times Fallback	Helvetica	Apple Chancery	Zapfino	Menlo
ff-Adlm-SL	.Times Fallback	Helvetica	Apple Chancery	Zapfino	Menlo
ff-Adlm-SN	.Times Fallback	Helvetica	Apple Chancery	Zapfino	Menlo
ff-Latn	.Times Fallback	Helvetica	Apple Chancery	Zapfino	Menlo
ff-Latn-BF	.Times Fallback	Helvetica	Apple Chancery	Zapfino	Menlo
ff-Latn-CM	.Times Fallback	Helvetica	Apple Chancery	Zapfino	Menlo
ff-Latn-GH	.Times Fallback	Helvetica	Apple Chancery	Zapfino	Menlo
ff-Latn-GM	.Times Fallback	Helvetica	Apple Chancery	Zapfino	Menlo
ff-Latn-GN	.Times Fallback	Helvetica	Apple Chancery	Zapfino	Menlo
ff-Latn-GW	.Times Fallback	Helvetica	Apple Chancery	Zapfino	Menlo
ff-Latn-LR	.Times Fallback	Helvetica	Apple Chancery	Zapfino	Menlo
ff-Latn-MR	.Times Fallback	Helvetica	Apple Chancery	Zapfino	Menlo
ff-Latn-NE	.Times Fallback	Helvetica	Apple Chancery	Zapfino	Menlo
ff-Latn-NG	.Times Fallback	Helvetica	Apple Chancery	Zapfino	Menlo
ff-Latn-SL	.Times Fallback	Helvetica	Apple Chancery	Zapfino	Menlo
ff-Latn-SN	.Times Fallback	Helvetica	Apple Chancery	Zapfino	Menlo
fi	.Times Fallback	Helvetica	Apple Chancery	Zapfino	Menlo
fi-FI	.Times Fallback	Helvetica	Apple Chancery	Zapfino	Menlo
fil	Noto Sans Tagalog	Noto Sans Tagalog	Noto Sans Tagalog	Noto Sans Tagalog	Menlo
fil-PH	Noto Sans Tagalog	Noto Sans Tagalog	Noto Sans Tagalog	Noto Sans Tagalog	Menlo
fla	.Times Fallback	Helvetica	Apple Chancery	Zapfino	Menlo
fo	.Times Fallback	Helvetica	Apple Chancery	Zapfino	Menlo
fo-DK	.Times Fallback	Helvetica	Apple Chancery	Zapfino	Menlo
fo-FO	.Times Fallback	Helvetica	Apple Chancery	Zapfino	Menlo
fr	.Times Fallback	Helvetica	Apple Chancery	Zapfino	Menlo
fr-BE	.Times Fallback	Helvetica	Apple Chancery	Zapfino	Menlo
fr-BF	.Times Fallback	Helvetica	Apple Chancery	Zapfino	Menlo
fr-BI	.Times Fallback	Helvetica	Apple Chancery	Zapfino	Menlo
fr-BJ	.Times Fallback	Helvetica	Apple Chancery	Zapfino	Menlo
fr-BL	.Times Fallback	Helvetica	Apple Chancery	Zapfino	Menlo
fr-CA	.Times Fallback	Helvetica	Apple Chancery	Zapfino	Menlo
fr-CD	.Times Fallback	Helvetica	Apple Chancery	Zapfino	Menlo
fr-CF	.Times Fallback	Helvetica	Apple Chancery	Zapfino	Menlo
fr-CG	.Times Fallback	Helvetica	Apple Chancery	Zapfino	Menlo
fr-CH	.Times Fallback	Helvetica	Apple Chancery	Zapfino	Menlo
fr-CI	.Times Fallback	Helvetica	Apple Chancery	Zapfino	Menlo
fr-CM	.Times Fallback	Helvetica	Apple Chancery	Zapfino	Menlo
fr-DJ	.Times Fallback	Helvetica	Apple Chancery	Zapfino	Menlo
fr-DZ	.Times Fallback	Helvetica	Apple Chancery	Zapfino	Menlo
fr-FR	.Times Fallback	Helvetica	Apple Chancery	Zapfino	Menlo
fr-GA	.Times Fallback	Helvetica	Apple Chancery	Zapfino	Menlo
fr-GF	.Times Fallback	Helvetica	Apple Chancery	Zapfino	Menlo
fr-GN	.Times Fallback	Helvetica	Apple Chancery	Zapfino	Menlo
fr-GP	.Times Fallback	Helvetica	Apple Chancery	Zapfino	Menlo
fr-GQ	.Times Fallback	Helvetica	Apple Chancery	Zapfino	Menlo
fr-HT	.Times Fallback	Helvetica	Apple Chancery	Zapfino	Menlo
fr-KM	.Times Fallback	Helvetica	Apple Chancery	Zapfino	Menlo
fr-LU	.Times Fallback	Helvetica	Apple Chancery	Zapfino	Menlo
fr-MA	.Times Fallback	Helvetica	Apple Chancery	Zapfino	Menlo
fr-MC	.Times Fallback	Helvetica	Apple Chancery	Zapfino	Menlo
fr-MF	.Times Fallback	Helvetica	Apple Chancery	Zapfino	Menlo
fr-MG	.Times Fallback	Helvetica	Apple Chancery	Zapfino	Menlo
fr-ML	.Times Fallback	Helvetica	Apple Chancery	Zapfino	Menlo
fr-MQ	.Times Fallback	Helvetica	Apple Chancery	Zapfino	Menlo
fr-MR	.Times Fallback	Helvetica	Apple Chancery	Zapfino	Menlo
fr-MU	.Times Fallback	Helvetica	Apple Chancery	Zapfino	Menlo
fr-NC	.Times Fallback	Helvetica	Apple Chancery	Zapfino	Menlo
fr-NE	.Times Fallback	Helvetica	Apple Chancery	Zapfino	Menlo
fr-PF	.Times Fallback	Helvetica	Apple Chancery	Zapfino	Menlo
fr-PM	.Times Fallback	Helvetica	Apple Chancery	Zapfino	Menlo
fr-RE	.Times Fallback	Helvetica	Apple Chancery	Zapfino	Menlo
fr-RW	.Times Fallback	Helvetica	Apple Chancery	Zapfino	Menlo
fr-SC	.Times Fallback	Helvetica	Apple Chancery	Zapfino	Menlo
fr-SN	.Times Fallback	Helvetica	Apple Chancery	Zapfino	Menlo
fr-SY	.Times Fallback	Helvetica	Apple Chancery	Zapfino	Menlo
fr-TD	.Times Fallback	Helvetica	Apple Chancery	Zapfino	Menlo
fr-TG	.Times Fallback	Helvetica	Apple Chancery	Zapfino	Menlo
fr-TN	.Times Fallback	Helvetica	Apple Chancery	Zapfino	Menlo
fr-VU	.Times Fallback	Helvetica	Apple Chancery	Zapfino	Menlo
fr-WF	.Times Fallback	Helvetica	Apple Chancery	Zapfino	Menlo
fr-YT	.Times Fallback	Helvetica	Apple Chancery	Zapfino	Menlo
fur	.Times Fallback	Helvetica	Apple Chancery	Zapfino	Menlo
fur-IT	.Times Fallback	Helvetica	Apple Chancery	Zapfino	Menlo
fy	.Times Fallback	Helvetica	Apple Chancery	Zapfino	Menlo
fy-NL	.Times Fallback	Helvetica	Apple Chancery	Zapfino	Menlo
ga	.Times Fallback	Helvetica	Apple Chancery	Zapfino	Menlo
ga-GB	.Times Fallback	Helvetica	Apple Chancery	Zapfino	Menlo
ga-IE	.Times Fallback	Helvetica	Apple Chancery	Zapfino	Menlo
gaa	.Times Fallback	Helvetica	Apple Chancery	Zapfino	Menlo
gaa-GH	.Times Fallback	Helvetica	Apple Chancery	Zapfino	Menlo
gcf	.Times Fallback	Helvetica	Apple Chancery	Zapfino	Menlo
gd	.Times Fallback	Helvetica	Apple Chancery	Zapfino	Menlo
gd-GB	.Times Fallback	Helvetica	Apple Chancery	Zapfino	Menlo
gl	.Times Fallback	Helvetica	Apple Chancery	Zapfino	Menlo
gl-ES	.Times Fallback	Helvetica	Apple Chancery	Zapfino	Menlo
gn	.Times Fallback	Helvetica	Apple Chancery	Zapfino	Menlo
gn-PY	.Times Fallback	Helvetica	Apple Chancery	Zapfino	Menlo
gsw	.Times Fallback	Helvetica	Apple Chancery	Zapfino	Menlo
gsw-CH	.Times Fallback	Helvetica	Apple Chancery	Zapfino	Menlo
gsw-FR	.Times Fallback	Helvetica	Apple Chancery	Zapfino	Menlo
gsw-LI	.Times Fallback	Helvetica	Apple Chancery	Zapfino	Menlo
gu	Kohinoor Gujarati	Kohinoor Gujarati	Kohinoor Gujarati	Kohinoor Gujarati	Menlo
gu-IN	Kohinoor Gujarati	Kohinoor Gujarati	Kohinoor Gujarati	Kohinoor Gujarati	Menlo
guz	.Times Fallback	Helvetica	Apple Chancery	Zapfino	Menlo
guz-KE	.Times Fallback	Helvetica	Apple Chancery	Zapfino	Menlo
gv	.Times Fallback	Helvetica	Apple Chancery	Zapfino	Menlo
gv-IM	.Times Fallback	Helvetica	Apple Chancery	Zapfino	Menlo
ha	.Times Fallback	Helvetica	Apple Chancery	Zapfino	Menlo
ha-GH	.Times Fallback	Helvetica	Apple Chancery	Zapfino	Menlo
ha-NE	.Times Fallback	Helvetica	Apple Chancery	Zapfino	Menlo
ha-NG	.Times Fallback	Helvetica	Apple Chancery	Zapfino	Menlo
haw	.Times Fallback	Helvetica	Apple Chancery	Zapfino	Menlo
haw-US	.Times Fallback	Helvetica	Apple Chancery	Zapfino	Menlo
hch	.Times Fallback	Helvetica	Apple Chancery	Zapfino	Menlo
he	.Times Fallback	Lucida Grande	.Arial Hebrew Desk Interface	.Arial Hebrew Desk Interface	Courier New
he-IL	.Times Fallback	Lucida Grande	.Arial Hebrew Desk Interface	.Arial Hebrew Desk Interface	Courier New
hi	ITF Devanagari	Kohinoor Devanagari	Kohinoor Devanagari	Kohinoor Devanagari	Menlo
hi-IN	ITF Devanagari	Kohinoor Devanagari	Kohinoor Devanagari	Kohinoor Devanagari	Menlo
hi-Latn	ITF Devanagari	Kohinoor Devanagari	Kohinoor Devanagari	Kohinoor Devanagari	Menlo
hi-Latn-IN	ITF Devanagari	Kohinoor Devanagari	Kohinoor Devanagari	Kohinoor Devanagari	Menlo
hmn	.Times Fallback	Helvetica	Apple Chancery	Zapfino	Menlo
hmn-CN	.Times Fallback	Helvetica	Apple Chancery	Zapfino	Menlo
hr	.Times Fallback	Helvetica	Apple Chancery	Zapfino	Menlo
hr-BA	.Times Fallback	Helvetica	Apple Chancery	Zapfino	Menlo
hr-HR	.Times Fallback	Helvetica	Apple Chancery	Zapfino	Menlo
hsb	.Times Fallback	Helvetica	Apple Chancery	Zapfino	Menlo
hsb-DE	.Times Fallback	Helvetica	Apple Chancery	Zapfino	Menlo
ht	.Times Fallback	Helvetica	Apple Chancery	Zapfino	Menlo
ht-HT	.Times Fallback	Helvetica	Apple Chancery	Zapfino	Menlo
hu	.Times Fallback	Helvetica	Apple Chancery	Zapfino	Menlo
hu-HU	.Times Fallback	Helvetica	Apple Chancery	Zapfino	Menlo
hy	Noto Sans Armenian	Noto Sans Armenian	Noto Sans Armenian	Noto Sans Armenian	Menlo
hy-AM	Noto Sans Armenian	Noto Sans Armenian	Noto Sans Armenian	Noto Sans Armenian	Menlo
ia	.Times Fallback	Helvetica	Apple Chancery	Zapfino	Menlo
ia-001	.Times Fallback	Helvetica	Apple Chancery	Zapfino	Menlo
id	.Times Fallback	Helvetica	Apple Chancery	Zapfino	Menlo
id-ID	.Times Fallback	Helvetica	Apple Chancery	Zapfino	Menlo
ie	.Times Fallback	Helvetica	Apple Chancery	Zapfino	Menlo
ie-EE	.Times Fallback	Helvetica	Apple Chancery	Zapfino	Menlo
ig	.Times Fallback	Helvetica	Apple Chancery	Zapfino	Menlo
ig-NG	.Times Fallback	Helvetica	Apple Chancery	Zapfino	Menlo
ii	.Times Fallback	Helvetica	Apple Chancery	Zapfino	Menlo
ii-CN	.Times Fallback	Helvetica	Apple Chancery	Zapfino	Menlo
inh	.Times Fallback	Helvetica	Apple Chancery	Zapfino	Menlo
io	.Times Fallback	Helvetica	Apple Chancery	Zapfino	Menlo
io-001	.Times Fallback	Helvetica	Apple Chancery	Zapfino	Menlo
is	.Times Fallback	Helvetica	Apple Chancery	Zapfino	Menlo
is-IS	.Times Fallback	Helvetica	Apple Chancery	Zapfino	Menlo
isc	.Times Fallback	Helvetica	Apple Chancery	Zapfino	Menlo
it	.Times Fallback	Helvetica	Apple Chancery	Zapfino	Menlo
it-CH	.Times Fallback	Helvetica	Apple Chancery	Zapfino	Menlo
it-IT	.Times Fallback	Helvetica	Apple Chancery	Zapfino	Menlo
it-SM	.Times Fallback	Helvetica	Apple Chancery	Zapfino	Menlo
it-VA	.Times Fallback	Helvetica	Apple Chancery	Zapfino	Menlo
iu	Euphemia UCAS	Euphemia UCAS	Euphemia UCAS	Euphemia UCAS	Menlo
iu-CA	Euphemia UCAS	Euphemia UCAS	Euphemia UCAS	Euphemia UCAS	Menlo
ja	Hiragino Mincho ProN	Hiragino Sans	Hiragino Mincho ProN	Hiragino Mincho ProN	Menlo
ja-JP	Hiragino Mincho ProN	Hiragino Sans	Hiragino Mincho ProN	Hiragino Mincho ProN	Menlo
jbo	.Times Fallback	Helvetica	Apple Chancery	Zapfino	Menlo
jbo-001	.Times Fallback	Helvetica	Apple Chancery	Zapfino	Menlo
jgo	.Times Fallback	Helvetica	Apple Chancery	Zapfino	Menlo
jgo-CM	.Times Fallback	Helvetica	Apple Chancery	Zapfino	Menlo
jmc	.Times Fallback	Helvetica	Apple Chancery	Zapfino	Menlo
jmc-TZ	.Times Fallback	Helvetica	Apple Chancery	Zapfino	Menlo
jv	.Times Fallback	Helvetica	Apple Chancery	Zapfino	Menlo
jv-ID	.Times Fallback	Helvetica	Apple Chancery	Zapfino	Menlo
ka	Helvetica	Helvetica	Helvetica	Helvetica	Menlo
ka-GE	Helvetica	Helvetica	Helvetica	Helvetica	Menlo
kab	.Times Fallback	Helvetica	Apple Chancery	Zapfino	Menlo
kab-DZ	.Times Fallback	Helvetica	Apple Chancery	Zapfino	Menlo
kaj	.Times Fallback	Helvetica	Apple Chancery	Zapfino	Menlo
kaj-NG	.Times Fallback	Helvetica	Apple Chancery	Zapfino	Menlo
kam	.Times Fallback	Helvetica	Apple Chancery	Zapfino	Menlo
kam-KE	.Times Fallback	Helvetica	Apple Chancery	Zapfino	Menlo
kcg	.Times Fallback	Helvetica	Apple Chancery	Zapfino	Menlo
kcg-NG	.Times Fallback	Helvetica	Apple Chancery	Zapfino	Menlo
kde	.Times Fallback	Helvetica	Apple Chancery	Zapfino	Menlo
kde-TZ	.Times Fallback	Helvetica	Apple Chancery	Zapfino	Menlo
kea	.Times Fallback	Helvetica	Apple Chancery	Zapfino	Menlo
kea-CV	.Times Fallback	Helvetica	Apple Chancery	Zapfino	Menlo
kgp	.Times Fallback	Helvetica	Apple Chancery	Zapfino	Menlo
kgp-BR	.Times Fallback	Helvetica	Apple Chancery	Zapfino	Menlo
khq	.Times Fallback	Helvetica	Apple Chancery	Zapfino	Menlo
khq-ML	.Times Fallback	Helvetica	Apple Chancery	Zapfino	Menlo
ki	.Times Fallback	Helvetica	Apple Chancery	Zapfino	Menlo
ki-KE	.Times Fallback	Helvetica	Apple Chancery	Zapfino	Menlo
kio	.Times Fallback	Helvetica	Apple Chancery	Zapfino	Menlo
kk	.Times Fallback	Helvetica	Apple Chancery	Zapfino	Menlo
kk-Arab	Geeza Pro	Geeza Pro	Geeza Pro	Geeza Pro	Menlo
kk-Arab-CN	Geeza Pro	Geeza Pro	Geeza Pro	Geeza Pro	Menlo
kk-Cyrl	.Times Fallback	Helvetica	Apple Chancery	Zapfino	Menlo
kk-Cyrl-KZ	.Times Fallback	Helvetica	Apple Chancery	Zapfino	Menlo
kk-KZ	.Times Fallback	Helvetica	Apple Chancery	Zapfino	Menlo
kkj	.Times Fallback	Helvetica	Apple Chancery	Zapfino	Menlo
kkj-CM	.Times Fallback	Helvetica	Apple Chancery	Zapfino	Menlo
kl	.Times Fallback	Helvetica	Apple Chancery	Zapfino	Menlo
kl-GL	.Times Fallback	Helvetica	Apple Chancery	Zapfino	Menlo
kln	.Times Fallback	Helvetica	Apple Chancery	Zapfino	Menlo
kln-KE	.Times Fallback	Helvetica	Apple Chancery	Zapfino	Menlo
km	Khmer MN	Khmer Sangam MN	Khmer MN	Khmer MN	Menlo
km-KH	Khmer MN	Khmer Sangam MN	Khmer MN	Khmer MN	Menlo
kn	Kannada MN	Noto Sans Kannada	Kannada MN	Kannada MN	Menlo
kn-IN	Kannada MN	Noto Sans Kannada	Kannada MN	Kannada MN	Menlo
ko	AppleMyungjo	Apple SD Gothic Neo	AppleMyungjo	AppleMyungjo	Menlo
ko-CN	AppleMyungjo	Apple SD Gothic Neo	AppleMyungjo	AppleMyungjo	Menlo
ko-KP	AppleMyungjo	Apple SD Gothic Neo	AppleMyungjo	AppleMyungjo	Menlo
ko-KR	AppleMyungjo	Apple SD Gothic Neo	AppleMyungjo	AppleMyungjo	Menlo
kok	.Times Fallback	Helvetica	Apple Chancery	Zapfino	Menlo
kok-Deva	.Times Fallback	Helvetica	Apple Chancery	Zapfino	Menlo
kok-Deva-IN	.Times Fallback	Helvetica	Apple Chancery	Zapfino	Menlo
kok-Latn	.Times Fallback	Helvetica	Apple Chancery	Zapfino	Menlo
kok-Latn-IN	.Times Fallback	Helvetica	Apple Chancery	Zapfino	Menlo
kpe	.Times Fallback	Helvetica	Apple Chancery	Zapfino	Menlo
kpe-GN	.Times Fallback	Helvetica	Apple Chancery	Zapfino	Menlo
kpe-LR	.Times Fallback	Helvetica	Apple Chancery	Zapfino	Menlo
ks	Noto Nastaliq Urdu	Noto Nastaliq Urdu	Noto Nastaliq Urdu	Noto Nastaliq Urdu	Menlo
ks-Arab	Geeza Pro	Geeza Pro	Geeza Pro	Geeza Pro	Menlo
ks-Arab-IN	Geeza Pro	Geeza Pro	Geeza Pro	Geeza Pro	Menlo
ks-Aran-IN	Noto Nastaliq Urdu	Noto Nastaliq Urdu	Noto Nastaliq Urdu	Noto Nastaliq Urdu	Menlo
ks-Deva	.Times Fallback	Helvetica	Apple Chancery	Zapfino	Menlo
ks-Deva-IN	.Times Fallback	Helvetica	Apple Chancery	Zapfino	Menlo
ksb	.Times Fallback	Helvetica	Apple Chancery	Zapfino	Menlo
ksb-TZ	.Times Fallback	Helvetica	Apple Chancery	Zapfino	Menlo
ksf	.Times Fallback	Helvetica	Apple Chancery	Zapfino	Menlo
ksf-CM	.Times Fallback	Helvetica	Apple Chancery	Zapfino	Menlo
ksh	.Times Fallback	Helvetica	Apple Chancery	Zapfino	Menlo
ksh-DE	.Times Fallback	Helvetica	Apple Chancery	Zapfino	Menlo
ku	.Times Fallback	Helvetica	Apple Chancery	Zapfino	Menlo
ku-Latn	.Times Fallback	Helvetica	Apple Chancery	Zapfino	Menlo
ku-Latn-IQ	.Times Fallback	Helvetica	Apple Chancery	Zapfino	Menlo
ku-Latn-SY	.Times Fallback	Helvetica	Apple Chancery	Zapfino	Menlo
ku-Latn-TR	.Times Fallback	Helvetica	Apple Chancery	Zapfino	Menlo
ku-TR	.Times Fallback	Helvetica	Apple Chancery	Zapfino	Menlo
kw	.Times Fallback	Helvetica	Apple Chancery	Zapfino	Menlo
kw-GB	.Times Fallback	Helvetica	Apple Chancery	Zapfino	Menlo
kxv	.Times Fallback	Helvetica	Apple Chancery	Zapfino	Menlo
kxv-Deva	.Times Fallback	Helvetica	Apple Chancery	Zapfino	Menlo
kxv-Deva-IN	.Times Fallback	Helvetica	Apple Chancery	Zapfino	Menlo
kxv-Latn	.Times Fallback	Helvetica	Apple Chancery	Zapfino	Menlo
kxv-Latn-IN	.Times Fallback	Helvetica	Apple Chancery	Zapfino	Menlo
kxv-Orya	.Times Fallback	Helvetica	Apple Chancery	Zapfino	Menlo
kxv-Orya-IN	.Times Fallback	Helvetica	Apple Chancery	Zapfino	Menlo
kxv-Telu	.Times Fallback	Helvetica	Apple Chancery	Zapfino	Menlo
kxv-Telu-IN	.Times Fallback	Helvetica	Apple Chancery	Zapfino	Menlo
ky	.Times Fallback	Helvetica	Apple Chancery	Zapfino	Menlo
ky-KG	.Times Fallback	Helvetica	Apple Chancery	Zapfino	Menlo
lag	.Times Fallback	Helvetica	Apple Chancery	Zapfino	Menlo
lag-TZ	.Times Fallback	Helvetica	Apple Chancery	Zapfino	Menlo
lb	.Times Fallback	Helvetica	Apple Chancery	Zapfino	Menlo
lb-LU	.Times Fallback	Helvetica	Apple Chancery	Zapfino	Menlo
lg	.Times Fallback	Helvetica	Apple Chancery	Zapfino	Menlo
lg-UG	.Times Fallback	Helvetica	Apple Chancery	Zapfino	Menlo
lij	.Times Fallback	Helvetica	Apple Chancery	Zapfino	Menlo
lij-IT	.Times Fallback	Helvetica	Apple Chancery	Zapfino	Menlo
lkt	.Times Fallback	Helvetica	Apple Chancery	Zapfino	Menlo
lkt-US	.Times Fallback	Helvetica	Apple Chancery	Zapfino	Menlo
lmo	.Times Fallback	Helvetica	Apple Chancery	Zapfino	Menlo
lmo-IT	.Times Fallback	Helvetica	Apple Chancery	Zapfino	Menlo
ln	.Times Fallback	Helvetica	Apple Chancery	Zapfino	Menlo
ln-AO	.Times Fallback	Helvetica	Apple Chancery	Zapfino	Menlo
ln-CD	.Times Fallback	Helvetica	Apple Chancery	Zapfino	Menlo
ln-CF	.Times Fallback	Helvetica	Apple Chancery	Zapfino	Menlo
ln-CG	.Times Fallback	Helvetica	Apple Chancery	Zapfino	Menlo
lo	Lao MN	Lao Sangam MN	Lao MN	Lao MN	Menlo
lo-LA	Lao MN	Lao Sangam MN	Lao MN	Lao MN	Menlo
lrc	Geeza Pro	Geeza Pro	Geeza Pro	Geeza Pro	Menlo
lrc-IQ	Geeza Pro	Geeza Pro	Geeza Pro	Geeza Pro	Menlo
lrc-IR	Geeza Pro	Geeza Pro	Geeza Pro	Geeza Pro	Menlo
lt	.Times Fallback	Helvetica	Apple Chancery	Zapfino	Menlo
lt-LT	.Times Fallback	Helvetica	Apple Chancery	Zapfino	Menlo
lu	.Times Fallback	Helvetica	Apple Chancery	Zapfino	Menlo
lu-CD	.Times Fallback	Helvetica	Apple Chancery	Zapfino	Menlo
luo	.Times Fallback	Helvetica	Apple Chancery	Zapfino	Menlo
luo-KE	.Times Fallback	Helvetica	Apple Chancery	Zapfino	Menlo
lut	.Times Fallback	Helvetica	Apple Chancery	Zapfino	Menlo
luy	.Times Fallback	Helvetica	Apple Chancery	Zapfino	Menlo
luy-KE	.Times Fallback	Helvetica	Apple Chancery	Zapfino	Menlo
lv	.Times Fallback	Helvetica	Apple Chancery	Zapfino	Menlo
lv-LV	.Times Fallback	Helvetica	Apple Chancery	Zapfino	Menlo
mai	.Times Fallback	Helvetica	Apple Chancery	Zapfino	Menlo
mai-IN	.Times Fallback	Helvetica	Apple Chancery	Zapfino	Menlo
mas	.Times Fallback	Helvetica	Apple Chancery	Zapfino	Menlo
mas-KE	.Times Fallback	Helvetica	Apple Chancery	Zapfino	Menlo
mas-TZ	.Times Fallback	Helvetica	Apple Chancery	Zapfino	Menlo
mer	.Times Fallback	Helvetica	Apple Chancery	Zapfino	Menlo
mer-KE	.Times Fallback	Helvetica	Apple Chancery	Zapfino	Menlo
mfe	.Times Fallback	Helvetica	Apple Chancery	Zapfino	Menlo
mfe-MU	.Times Fallback	Helvetica	Apple Chancery	Zapfino	Menlo
mg	.Times Fallback	Helvetica	Apple Chancery	Zapfino	Menlo
mg-MG	.Times Fallback	Helvetica	Apple Chancery	Zapfino	Menlo
mgh	.Times Fallback	Helvetica	Apple Chancery	Zapfino	Menlo
mgh-MZ	.Times Fallback	Helvetica	Apple Chancery	Zapfino	Menlo
mgo	.Times Fallback	Helvetica	Apple Chancery	Zapfino	Menlo
mgo-CM	.Times Fallback	Helvetica	Apple Chancery	Zapfino	Menlo
mi	.Times Fallback	Helvetica	Apple Chancery	Zapfino	Menlo
mi-NZ	.Times Fallback	Helvetica	Apple Chancery	Zapfino	Menlo
mic	.Times Fallback	Helvetica	Apple Chancery	Zapfino	Menlo
mic-CA	.Times Fallback	Helvetica	Apple Chancery	Zapfino	Menlo
mid	.Times Fallback	Helvetica	Apple Chancery	Zapfino	Menlo
mid-IQ	.Times Fallback	Helvetica	Apple Chancery	Zapfino	Menlo
mk	.Times Fallback	Helvetica	Apple Chancery	Zapfino	Menlo
mk-MK	.Times Fallback	Helvetica	Apple Chancery	Zapfino	Menlo
ml	Malayalam MN	Malayalam Sangam MN	Malayalam MN	Malayalam MN	Menlo
ml-IN	Malayalam MN	Malayalam Sangam MN	Malayalam MN	Malayalam MN	Menlo
mn	.Times Fallback	Helvetica	Apple Chancery	Zapfino	Menlo
mn-MN	.Times Fallback	Helvetica	Apple Chancery	Zapfino	Menlo
mni	.Times Fallback	Helvetica	Apple Chancery	Zapfino	Menlo
mni-Beng	.Times Fallback	Helvetica	Apple Chancery	Zapfino	Menlo
mni-Beng-IN	.Times Fallback	Helvetica	Apple Chancery	Zapfino	Menlo
mni-Mtei	.Times Fallback	Helvetica	Apple Chancery	Zapfino	Menlo
mni-Mtei-IN	.Times Fallback	Helvetica	Apple Chancery	Zapfino	Menlo
moh	.Times Fallback	Helvetica	Apple Chancery	Zapfino	Menlo
moh-CA	.Times Fallback	Helvetica	Apple Chancery	Zapfino	Menlo
mr	.Times Fallback	Helvetica	Apple Chancery	Zapfino	Menlo
mr-IN	.Times Fallback	Helvetica	Apple Chancery	Zapfino	Menlo
ms	.Times Fallback	Helvetica	Apple Chancery	Zapfino	Menlo
ms-Arab	Geeza Pro	Geeza Pro	Geeza Pro	Geeza Pro	Menlo
ms-Arab-BN	Geeza Pro	Geeza Pro	Geeza Pro	Geeza Pro	Menlo
ms-Arab-MY	Geeza Pro	Geeza Pro	Geeza Pro	Geeza Pro	Menlo
ms-BN	.Times Fallback	Helvetica	Apple Chancery	Zapfino	Menlo
ms-ID	.Times Fallback	Helvetica	Apple Chancery	Zapfino	Menlo
ms-MY	.Times Fallback	Helvetica	Apple Chancery	Zapfino	Menlo
ms-SG	.Times Fallback	Helvetica	Apple Chancery	Zapfino	Menlo
mt	.Times Fallback	Helvetica	Apple Chancery	Zapfino	Menlo
mt-MT	.Times Fallback	Helvetica	Apple Chancery	Zapfino	Menlo
mua	.Times Fallback	Helvetica	Apple Chancery	Zapfino	Menlo
mua-CM	.Times Fallback	Helvetica	Apple Chancery	Zapfino	Menlo
mus	.Times Fallback	Helvetica	Apple Chancery	Zapfino	Menlo
mus-US	.Times Fallback	Helvetica	Apple Chancery	Zapfino	Menlo
my	Noto Serif Myanmar	Noto Sans Myanmar	Noto Serif Myanmar	Noto Serif Myanmar	Menlo
my-MM	Noto Serif Myanmar	Noto Sans Myanmar	Noto Serif Myanmar	Noto Serif Myanmar	Menlo
myv	.Times Fallback	Helvetica	Apple Chancery	Zapfino	Menlo
myv-RU	.Times Fallback	Helvetica	Apple Chancery	Zapfino	Menlo
mzn	Geeza Pro	Geeza Pro	Geeza Pro	Geeza Pro	Menlo
mzn-IR	Geeza Pro	Geeza Pro	Geeza Pro	Geeza Pro	Menlo
naq	.Times Fallback	Helvetica	Apple Chancery	Zapfino	Menlo
naq-NA	.Times Fallback	Helvetica	Apple Chancery	Zapfino	Menlo
nb	.Times Fallback	Helvetica	Apple Chancery	Zapfino	Menlo
nb-NO	.Times Fallback	Helvetica	Apple Chancery	Zapfino	Menlo
nb-SJ	.Times Fallback	Helvetica	Apple Chancery	Zapfino	Menlo
nd	.Times Fallback	Helvetica	Apple Chancery	Zapfino	Menlo
nd-ZW	.Times Fallback	Helvetica	Apple Chancery	Zapfino	Menlo
nds	.Times Fallback	Helvetica	Apple Chancery	Zapfino	Menlo
nds-DE	.Times Fallback	Helvetica	Apple Chancery	Zapfino	Menlo
nds-NL	.Times Fallback	Helvetica	Apple Chancery	Zapfino	Menlo
ne	.Times Fallback	Helvetica	Apple Chancery	Zapfino	Menlo
ne-IN	.Times Fallback	Helvetica	Apple Chancery	Zapfino	Menlo
ne-NP	.Times Fallback	Helvetica	Apple Chancery	Zapfino	Menlo
nez	.Times Fallback	Helvetica	Apple Chancery	Zapfino	Menlo
nl	.Times Fallback	Helvetica	Apple Chancery	Zapfino	Menlo
nl-AW	.Times Fallback	Helvetica	Apple Chancery	Zapfino	Menlo
nl-BE	.Times Fallback	Helvetica	Apple Chancery	Zapfino	Menlo
nl-BQ	.Times Fallback	Helvetica	Apple Chancery	Zapfino	Menlo
nl-CW	.Times Fallback	Helvetica	Apple Chancery	Zapfino	Menlo
nl-NL	.Times Fallback	Helvetica	Apple Chancery	Zapfino	Menlo
nl-SR	.Times Fallback	Helvetica	Apple Chancery	Zapfino	Menlo
nl-SX	.Times Fallback	Helvetica	Apple Chancery	Zapfino	Menlo
nmg	.Times Fallback	Helvetica	Apple Chancery	Zapfino	Menlo
nmg-CM	.Times Fallback	Helvetica	Apple Chancery	Zapfino	Menlo
nn	.Times Fallback	Helvetica	Apple Chancery	Zapfino	Menlo
nn-NO	.Times Fallback	Helvetica	Apple Chancery	Zapfino	Menlo
nnh	.Times Fallback	Helvetica	Apple Chancery	Zapfino	Menlo
nnh-CM	.Times Fallback	Helvetica	Apple Chancery	Zapfino	Menlo
nnp	.Times Fallback	Helvetica	Apple Chancery	Zapfino	Menlo
nnp-IN	.Times Fallback	Helvetica	Apple Chancery	Zapfino	Menlo
no	.Times Fallback	Helvetica	Apple Chancery	Zapfino	Menlo
nqo	.Times Fallback	Helvetica	Apple Chancery	Zapfino	Menlo
nqo-GN	.Times Fallback	Helvetica	Apple Chancery	Zapfino	Menlo
nr	.Times Fallback	Helvetica	Apple Chancery	Zapfino	Menlo
nr-ZA	.Times Fallback	Helvetica	Apple Chancery	Zapfino	Menlo
nso	.Times Fallback	Helvetica	Apple Chancery	Zapfino	Menlo
nso-ZA	.Times Fallback	Helvetica	Apple Chancery	Zapfino	Menlo
nus	.Times Fallback	Helvetica	Apple Chancery	Zapfino	Menlo
nus-SS	.Times Fallback	Helvetica	Apple Chancery	Zapfino	Menlo
nv	.Times Fallback	Helvetica	Apple Chancery	Zapfino	Menlo
nv-US	.Times Fallback	Helvetica	Apple Chancery	Zapfino	Menlo
ny	.Times Fallback	Helvetica	Apple Chancery	Zapfino	Menlo
ny-MW	.Times Fallback	Helvetica	Apple Chancery	Zapfino	Menlo
nyn	.Times Fallback	Helvetica	Apple Chancery	Zapfino	Menlo
nyn-UG	.Times Fallback	Helvetica	Apple Chancery	Zapfino	Menlo
oc	.Times Fallback	Helvetica	Apple Chancery	Zapfino	Menlo
oc-ES	.Times Fallback	Helvetica	Apple Chancery	Zapfino	Menlo
oc-FR	.Times Fallback	Helvetica	Apple Chancery	Zapfino	Menlo
om	.Times Fallback	Helvetica	Apple Chancery	Zapfino	Menlo
om-ET	.Times Fallback	Helvetica	Apple Chancery	Zapfino	Menlo
om-KE	.Times Fallback	Helvetica	Apple Chancery	Zapfino	Menlo
or	Oriya MN	Noto Sans Oriya	Oriya MN	Oriya MN	Menlo
or-IN	Oriya MN	Noto Sans Oriya	Oriya MN	Oriya MN	Menlo
os	.Times Fallback	Helvetica	Apple Chancery	Zapfino	Menlo
os-GE	.Times Fallback	Helvetica	Apple Chancery	Zapfino	Menlo
os-RU	.Times Fallback	Helvetica	Apple Chancery	Zapfino	Menlo
osa	.Times Fallback	Helvetica	Apple Chancery	Zapfino	Menlo
osa-US	.Times Fallback	Helvetica	Apple Chancery	Zapfino	Menlo
pa	Mukta Mahee	Mukta Mahee	Mukta Mahee	Mukta Mahee	Menlo
pa-Arab	Geeza Pro	Geeza Pro	Geeza Pro	Geeza Pro	Menlo
pa-Arab-PK	Geeza Pro	Geeza Pro	Geeza Pro	Geeza Pro	Menlo
pa-Aran-PK	Noto Nastaliq Urdu	Noto Nastaliq Urdu	Noto Nastaliq Urdu	Noto Nastaliq Urdu	Menlo
pa-Guru	Mukta Mahee	Mukta Mahee	Mukta Mahee	Mukta Mahee	Menlo
pa-Guru-IN	Mukta Mahee	Mukta Mahee	Mukta Mahee	Mukta Mahee	Menlo
pcm	.Times Fallback	Helvetica	Apple Chancery	Zapfino	Menlo
pcm-NG	.Times Fallback	Helvetica	Apple Chancery	Zapfino	Menlo
pl	.Times Fallback	Helvetica	Apple Chancery	Zapfino	Menlo
pl-PL	.Times Fallback	Helvetica	Apple Chancery	Zapfino	Menlo
pms	.Times Fallback	Helvetica	Apple Chancery	Zapfino	Menlo
pms-IT	.Times Fallback	Helvetica	Apple Chancery	Zapfino	Menlo
pqm	.Times Fallback	Helvetica	Apple Chancery	Zapfino	Menlo
pqm-CA	.Times Fallback	Helvetica	Apple Chancery	Zapfino	Menlo
prg	.Times Fallback	Helvetica	Apple Chancery	Zapfino	Menlo
prg-PL	.Times Fallback	Helvetica	Apple Chancery	Zapfino	Menlo
ps	Geeza Pro	Geeza Pro	Geeza Pro	Geeza Pro	Menlo
ps-AF	Geeza Pro	Geeza Pro	Geeza Pro	Geeza Pro	Menlo
ps-PK	Geeza Pro	Geeza Pro	Geeza Pro	Geeza Pro	Menlo
pt	.Times Fallback	Helvetica	Apple Chancery	Zapfino	Menlo
pt-AO	.Times Fallback	Helvetica	Apple Chancery	Zapfino	Menlo
pt-BR	.Times Fallback	Helvetica	Apple Chancery	Zapfino	Menlo
pt-CH	.Times Fallback	Helvetica	Apple Chancery	Zapfino	Menlo
pt-CV	.Times Fallback	Helvetica	Apple Chancery	Zapfino	Menlo
pt-FR	.Times Fallback	Helvetica	Apple Chancery	Zapfino	Menlo
pt-GQ	.Times Fallback	Helvetica	Apple Chancery	Zapfino	Menlo
pt-GW	.Times Fallback	Helvetica	Apple Chancery	Zapfino	Menlo
pt-LU	.Times Fallback	Helvetica	Apple Chancery	Zapfino	Menlo
pt-MO	.Times Fallback	Helvetica	Apple Chancery	Zapfino	Menlo
pt-MZ	.Times Fallback	Helvetica	Apple Chancery	Zapfino	Menlo
pt-PT	.Times Fallback	Helvetica	Apple Chancery	Zapfino	Menlo
pt-ST	.Times Fallback	Helvetica	Apple Chancery	Zapfino	Menlo
pt-TL	.Times Fallback	Helvetica	Apple Chancery	Zapfino	Menlo
qu	.Times Fallback	Helvetica	Apple Chancery	Zapfino	Menlo
qu-BO	.Times Fallback	Helvetica	Apple Chancery	Zapfino	Menlo
qu-EC	.Times Fallback	Helvetica	Apple Chancery	Zapfino	Menlo
qu-PE	.Times Fallback	Helvetica	Apple Chancery	Zapfino	Menlo
raj	.Times Fallback	Helvetica	Apple Chancery	Zapfino	Menlo
raj-IN	.Times Fallback	Helvetica	Apple Chancery	Zapfino	Menlo
rej	.Times Fallback	Helvetica	Apple Chancery	Zapfino	Menlo
rej-ID	.Times Fallback	Helvetica	Apple Chancery	Zapfino	Menlo
rej-Rjng	.Times Fallback	Helvetica	Apple Chancery	Zapfino	Menlo
rej-Rjng-ID	.Times Fallback	Helvetica	Apple Chancery	Zapfino	Menlo
rhg	.Times Fallback	Helvetica	Apple Chancery	Zapfino	Menlo
rhg-Rohg	.Times Fallback	Helvetica	Apple Chancery	Zapfino	Menlo
rhg-Rohg-BD	.Times Fallback	Helvetica	Apple Chancery	Zapfino	Menlo
rhg-Rohg-MM	.Times Fallback	Helvetica	Apple Chancery	Zapfino	Menlo
rm	.Times Fallback	Helvetica	Apple Chancery	Zapfino	Menlo
rm-CH	.Times Fallback	Helvetica	Apple Chancery	Zapfino	Menlo
rn	.Times Fallback	Helvetica	Apple Chancery	Zapfino	Menlo
rn-BI	.Times Fallback	Helvetica	Apple Chancery	Zapfino	Menlo
ro	.Times Fallback	Helvetica	Snell Roundhand	Snell Roundhand	Menlo
ro-MD	.Times Fallback	Helvetica	Snell Roundhand	Snell Roundhand	Menlo
ro-RO	.Times Fallback	Helvetica	Snell Roundhand	Snell Roundhand	Menlo
rof	.Times Fallback	Helvetica	Apple Chancery	Zapfino	Menlo
rof-TZ	.Times Fallback	Helvetica	Apple Chancery	Zapfino	Menlo
ru	.Times Fallback	Helvetica	Snell Roundhand	Snell Roundhand	Menlo
ru-BY	.Times Fallback	Helvetica	Snell Roundhand	Snell Roundhand	Menlo
ru-KG	.Times Fallback	Helvetica	Snell Roundhand	Snell Roundhand	Menlo
ru-KZ	.Times Fallback	Helvetica	Snell Roundhand	Snell Roundhand	Menlo
ru-MD	.Times Fallback	Helvetica	Snell Roundhand	Snell Roundhand	Menlo
ru-RU	.Times Fallback	Helvetica	Snell Roundhand	Snell Roundhand	Menlo
ru-UA	.Times Fallback	Helvetica	Snell Roundhand	Snell Roundhand	Menlo
rw	.Times Fallback	Helvetica	Apple Chancery	Zapfino	Menlo
rw-RW	.Times Fallback	Helvetica	Apple Chancery	Zapfino	Menlo
rwk	.Times Fallback	Helvetica	Apple Chancery	Zapfino	Menlo
rwk-TZ	.Times Fallback	Helvetica	Apple Chancery	Zapfino	Menlo
sa	.Times Fallback	Helvetica	Apple Chancery	Zapfino	Menlo
sa-IN	.Times Fallback	Helvetica	Apple Chancery	Zapfino	Menlo
sah	.Times Fallback	Helvetica	Apple Chancery	Zapfino	Menlo
sah-RU	.Times Fallback	Helvetica	Apple Chancery	Zapfino	Menlo
saq	.Times Fallback	Helvetica	Apple Chancery	Zapfino	Menlo
saq-KE	.Times Fallback	Helvetica	Apple Chancery	Zapfino	Menlo
sat	.Times Fallback	Helvetica	Apple Chancery	Zapfino	Menlo
sat-Deva	.Times Fallback	Helvetica	Apple Chancery	Zapfino	Menlo
sat-Deva-IN	.Times Fallback	Helvetica	Apple Chancery	Zapfino	Menlo
sat-Olck	.Times Fallback	Helvetica	Apple Chancery	Zapfino	Menlo
sat-Olck-IN	.Times Fallback	Helvetica	Apple Chancery	Zapfino	Menlo
sbp	.Times Fallback	Helvetica	Apple Chancery	Zapfino	Menlo
sbp-TZ	.Times Fallback	Helvetica	Apple Chancery	Zapfino	Menlo
sc	.Times Fallback	Helvetica	Apple Chancery	Zapfino	Menlo
sc-IT	.Times Fallback	Helvetica	Apple Chancery	Zapfino	Menlo
scn	.Times Fallback	Helvetica	Apple Chancery	Zapfino	Menlo
scn-IT	.Times Fallback	Helvetica	Apple Chancery	Zapfino	Menlo
sd	Geeza Pro	Geeza Pro	Geeza Pro	Geeza Pro	Menlo
sd-Arab	Geeza Pro	Geeza Pro	Geeza Pro	Geeza Pro	Menlo
sd-Arab-PK	Geeza Pro	Geeza Pro	Geeza Pro	Geeza Pro	Menlo
sd-Deva	.Times Fallback	Helvetica	Apple Chancery	Zapfino	Menlo
sd-Deva-IN	.Times Fallback	Helvetica	Apple Chancery	Zapfino	Menlo
se	.Times Fallback	Helvetica	Apple Chancery	Zapfino	Menlo
se-FI	.Times Fallback	Helvetica	Apple Chancery	Zapfino	Menlo
se-NO	.Times Fallback	Helvetica	Apple Chancery	Zapfino	Menlo
se-SE	.Times Fallback	Helvetica	Apple Chancery	Zapfino	Menlo
seh	.Times Fallback	Helvetica	Apple Chancery	Zapfino	Menlo
seh-MZ	.Times Fallback	Helvetica	Apple Chancery	Zapfino	Menlo
ses	.Times Fallback	Helvetica	Apple Chancery	Zapfino	Menlo
ses-ML	.Times Fallback	Helvetica	Apple Chancery	Zapfino	Menlo
sg	.Times Fallback	Helvetica	Apple Chancery	Zapfino	Menlo
sg-CF	.Times Fallback	Helvetica	Apple Chancery	Zapfino	Menlo
shi	.Times Fallback	Helvetica	Apple Chancery	Zapfino	Menlo
shi-Latn	.Times Fallback	Helvetica	Apple Chancery	Zapfino	Menlo
shi-Latn-MA	.Times Fallback	Helvetica	Apple Chancery	Zapfino	Menlo
shi-Tfng	.Times Fallback	Helvetica	Apple Chancery	Zapfino	Menlo
shi-Tfng-MA	.Times Fallback	Helvetica	Apple Chancery	Zapfino	Menlo
shn	.Times Fallback	Helvetica	Apple Chancery	Zapfino	Menlo
shn-MM	.Times Fallback	Helvetica	Apple Chancery	Zapfino	Menlo
shn-TH	.Times Fallback	Helvetica	Apple Chancery	Zapfino	Menlo
shp	.Times Fallback	Helvetica	Apple Chancery	Zapfino	Menlo
si	Sinhala MN	Sinhala Sangam MN	Sinhala MN	Sinhala MN	Menlo
si-LK	Sinhala MN	Sinhala Sangam MN	Sinhala MN	Sinhala MN	Menlo
sjd	.Times Fallback	Helvetica	Apple Chancery	Zapfino	Menlo
sje	.Times Fallback	Helvetica	Apple Chancery	Zapfino	Menlo
sju	.Times Fallback	Helvetica	Apple Chancery	Zapfino	Menlo
sk	.Times Fallback	Helvetica	Apple Chancery	Zapfino	Menlo
sk-SK	.Times Fallback	Helvetica	Apple Chancery	Zapfino	Menlo
sl	.Times Fallback	Helvetica	Apple Chancery	Zapfino	Menlo
sl-SI	.Times Fallback	Helvetica	Apple Chancery	Zapfino	Menlo
sm	.Times Fallback	Helvetica	Apple Chancery	Zapfino	Menlo
sm-AS	.Times Fallback	Helvetica	Apple Chancery	Zapfino	Menlo
sm-WS	.Times Fallback	Helvetica	Apple Chancery	Zapfino	Menlo
smn	.Times Fallback	Helvetica	Apple Chancery	Zapfino	Menlo
smn-FI	.Times Fallback	Helvetica	Apple Chancery	Zapfino	Menlo
sn	.Times Fallback	Helvetica	Apple Chancery	Zapfino	Menlo
sn-ZW	.Times Fallback	Helvetica	Apple Chancery	Zapfino	Menlo
so	.Times Fallback	Helvetica	Apple Chancery	Zapfino	Menlo
so-DJ	.Times Fallback	Helvetica	Apple Chancery	Zapfino	Menlo
so-ET	.Times Fallback	Helvetica	Apple Chancery	Zapfino	Menlo
so-KE	.Times Fallback	Helvetica	Apple Chancery	Zapfino	Menlo
so-SO	.Times Fallback	Helvetica	Apple Chancery	Zapfino	Menlo
sq	.Times Fallback	Helvetica	Apple Chancery	Zapfino	Menlo
sq-AL	.Times Fallback	Helvetica	Apple Chancery	Zapfino	Menlo
sq-MK	.Times Fallback	Helvetica	Apple Chancery	Zapfino	Menlo
sq-XK	.Times Fallback	Helvetica	Apple Chancery	Zapfino	Menlo
sr	.Times Fallback	Helvetica	Snell Roundhand	Snell Roundhand	Menlo
sr-Cyrl	.Times Fallback	Helvetica	Snell Roundhand	Snell Roundhand	Menlo
sr-Cyrl-BA	.Times Fallback	Helvetica	Snell Roundhand	Snell Roundhand	Menlo
sr-Cyrl-ME	.Times Fallback	Helvetica	Snell Roundhand	Snell Roundhand	Menlo
sr-Cyrl-RS	.Times Fallback	Helvetica	Snell Roundhand	Snell Roundhand	Menlo
sr-Cyrl-XK	.Times Fallback	Helvetica	Snell Roundhand	Snell Roundhand	Menlo
sr-Latn	.Times Fallback	Helvetica	Snell Roundhand	Snell Roundhand	Menlo
sr-Latn-BA	.Times Fallback	Helvetica	Snell Roundhand	Snell Roundhand	Menlo
sr-Latn-ME	.Times Fallback	Helvetica	Snell Roundhand	Snell Roundhand	Menlo
sr-Latn-RS	.Times Fallback	Helvetica	Snell Roundhand	Snell Roundhand	Menlo
sr-Latn-XK	.Times Fallback	Helvetica	Snell Roundhand	Snell Roundhand	Menlo
srs	.Times Fallback	Helvetica	Apple Chancery	Zapfino	Menlo
ss	.Times Fallback	Helvetica	Apple Chancery	Zapfino	Menlo
ss-SZ	.Times Fallback	Helvetica	Apple Chancery	Zapfino	Menlo
ss-ZA	.Times Fallback	Helvetica	Apple Chancery	Zapfino	Menlo
st	.Times Fallback	Helvetica	Apple Chancery	Zapfino	Menlo
st-LS	.Times Fallback	Helvetica	Apple Chancery	Zapfino	Menlo
st-ZA	.Times Fallback	Helvetica	Apple Chancery	Zapfino	Menlo
su	.Times Fallback	Helvetica	Apple Chancery	Zapfino	Menlo
su-Latn	.Times Fallback	Helvetica	Apple Chancery	Zapfino	Menlo
su-Latn-ID	.Times Fallback	Helvetica	Apple Chancery	Zapfino	Menlo
sv	.Times Fallback	Helvetica	Apple Chancery	Zapfino	Menlo
sv-AX	.Times Fallback	Helvetica	Apple Chancery	Zapfino	Menlo
sv-FI	.Times Fallback	Helvetica	Apple Chancery	Zapfino	Menlo
sv-SE	.Times Fallback	Helvetica	Apple Chancery	Zapfino	Menlo
sw	.Times Fallback	Helvetica	Apple Chancery	Zapfino	Menlo
sw-CD	.Times Fallback	Helvetica	Apple Chancery	Zapfino	Menlo
sw-KE	.Times Fallback	Helvetica	Apple Chancery	Zapfino	Menlo
sw-TZ	.Times Fallback	Helvetica	Apple Chancery	Zapfino	Menlo
sw-UG	.Times Fallback	Helvetica	Apple Chancery	Zapfino	Menlo
syr	.Times Fallback	Helvetica	Apple Chancery	Zapfino	Menlo
syr-IQ	.Times Fallback	Helvetica	Apple Chancery	Zapfino	Menlo
syr-SY	.Times Fallback	Helvetica	Apple Chancery	Zapfino	Menlo
szl	.Times Fallback	Helvetica	Apple Chancery	Zapfino	Menlo
szl-PL	.Times Fallback	Helvetica	Apple Chancery	Zapfino	Menlo
ta	Tamil Sangam MN	Tamil Sangam MN	Tamil Sangam MN	Tamil Sangam MN	Menlo
ta-IN	Tamil Sangam MN	Tamil Sangam MN	Tamil Sangam MN	Tamil Sangam MN	Menlo
ta-LK	Tamil Sangam MN	Tamil Sangam MN	Tamil Sangam MN	Tamil Sangam MN	Menlo
ta-MY	Tamil Sangam MN	Tamil Sangam MN	Tamil Sangam MN	Tamil Sangam MN	Menlo
ta-SG	Tamil Sangam MN	Tamil Sangam MN	Tamil Sangam MN	Tamil Sangam MN	Menlo
te	Kohinoor Telugu	Kohinoor Telugu	Kohinoor Telugu	Kohinoor Telugu	Menlo
te-IN	Kohinoor Telugu	Kohinoor Telugu	Kohinoor Telugu	Kohinoor Telugu	Menlo
teo	.Times Fallback	Helvetica	Apple Chancery	Zapfino	Menlo
teo-KE	.Times Fallback	Helvetica	Apple Chancery	Zapfino	Menlo
teo-UG	.Times Fallback	Helvetica	Apple Chancery	Zapfino	Menlo
tg	.Times Fallback	Helvetica	Apple Chancery	Zapfino	Menlo
tg-TJ	.Times Fallback	Helvetica	Apple Chancery	Zapfino	Menlo
th	Thonburi	Thonburi	Thonburi	Thonburi	Menlo
th-TH	Thonburi	Thonburi	Thonburi	Thonburi	Menlo
ti	.Times Fallback	Helvetica	Apple Chancery	Zapfino	Menlo
ti-ER	.Times Fallback	Helvetica	Apple Chancery	Zapfino	Menlo
ti-ET	.Times Fallback	Helvetica	Apple Chancery	Zapfino	Menlo
tig	.Times Fallback	Helvetica	Apple Chancery	Zapfino	Menlo
tig-ER	.Times Fallback	Helvetica	Apple Chancery	Zapfino	Menlo
tk	.Times Fallback	Helvetica	Apple Chancery	Zapfino	Menlo
tk-TM	.Times Fallback	Helvetica	Apple Chancery	Zapfino	Menlo
tn	.Times Fallback	Helvetica	Apple Chancery	Zapfino	Menlo
tn-BW	.Times Fallback	Helvetica	Apple Chancery	Zapfino	Menlo
tn-ZA	.Times Fallback	Helvetica	Apple Chancery	Zapfino	Menlo
to	.Times Fallback	Helvetica	Apple Chancery	Zapfino	Menlo
to-TO	.Times Fallback	Helvetica	Apple Chancery	Zapfino	Menlo
tok	.Times Fallback	Helvetica	Apple Chancery	Zapfino	Menlo
tok-001	.Times Fallback	Helvetica	Apple Chancery	Zapfino	Menlo
tr	.Times Fallback	Helvetica	Snell Roundhand	Snell Roundhand	Menlo
tr-CY	.Times Fallback	Helvetica	Snell Roundhand	Snell Roundhand	Menlo
tr-TR	.Times Fallback	Helvetica	Snell Roundhand	Snell Roundhand	Menlo
trv	.Times Fallback	Helvetica	Apple Chancery	Zapfino	Menlo
trv-TW	.Times Fallback	Helvetica	Apple Chancery	Zapfino	Menlo
ts	.Times Fallback	Helvetica	Apple Chancery	Zapfino	Menlo
ts-ZA	.Times Fallback	Helvetica	Apple Chancery	Zapfino	Menlo
tt	.Times Fallback	Helvetica	Apple Chancery	Zapfino	Menlo
tt-RU	.Times Fallback	Helvetica	Apple Chancery	Zapfino	Menlo
twq	.Times Fallback	Helvetica	Apple Chancery	Zapfino	Menlo
twq-NE	.Times Fallback	Helvetica	Apple Chancery	Zapfino	Menlo
tyv	.Times Fallback	Helvetica	Apple Chancery	Zapfino	Menlo
tyv-RU	.Times Fallback	Helvetica	Apple Chancery	Zapfino	Menlo
tzm	.Times Fallback	Helvetica	Apple Chancery	Zapfino	Menlo
tzm-MA	.Times Fallback	Helvetica	Apple Chancery	Zapfino	Menlo
ug	Geeza Pro	Geeza Pro	Geeza Pro	Geeza Pro	Menlo
ug-CN	Geeza Pro	Geeza Pro	Geeza Pro	Geeza Pro	Menlo
uk	.Times Fallback	Helvetica	Snell Roundhand	Snell Roundhand	Menlo
uk-UA	.Times Fallback	Helvetica	Snell Roundhand	Snell Roundhand	Menlo
ur	Noto Nastaliq Urdu	Noto Nastaliq Urdu	Noto Nastaliq Urdu	Noto Nastaliq Urdu	Menlo
ur-Arab	Geeza Pro	Geeza Pro	Geeza Pro	Geeza Pro	Menlo
ur-Arab-IN	Geeza Pro	Geeza Pro	Geeza Pro	Geeza Pro	Menlo
ur-Arab-PK	Geeza Pro	Geeza Pro	Geeza Pro	Geeza Pro	Menlo
ur-Aran-IN	Noto Nastaliq Urdu	Noto Nastaliq Urdu	Noto Nastaliq Urdu	Noto Nastaliq Urdu	Menlo
ur-Aran-PK	Noto Nastaliq Urdu	Noto Nastaliq Urdu	Noto Nastaliq Urdu	Noto Nastaliq Urdu	Menlo
uz	.Times Fallback	Helvetica	Apple Chancery	Zapfino	Menlo
uz-Arab	Geeza Pro	Geeza Pro	Geeza Pro	Geeza Pro	Menlo
uz-Arab-AF	Geeza Pro	Geeza Pro	Geeza Pro	Geeza Pro	Menlo
uz-Cyrl	.Times Fallback	Helvetica	Apple Chancery	Zapfino	Menlo
uz-Cyrl-UZ	.Times Fallback	Helvetica	Apple Chancery	Zapfino	Menlo
uz-Latn	.Times Fallback	Helvetica	Apple Chancery	Zapfino	Menlo
uz-Latn-UZ	.Times Fallback	Helvetica	Apple Chancery	Zapfino	Menlo
vai	.Times Fallback	Helvetica	Apple Chancery	Zapfino	Menlo
vai-Latn	.Times Fallback	Helvetica	Apple Chancery	Zapfino	Menlo
vai-Latn-LR	.Times Fallback	Helvetica	Apple Chancery	Zapfino	Menlo
vai-Vaii	.Times Fallback	Helvetica	Apple Chancery	Zapfino	Menlo
vai-Vaii-LR	.Times Fallback	Helvetica	Apple Chancery	Zapfino	Menlo
ve	.Times Fallback	Helvetica	Apple Chancery	Zapfino	Menlo
ve-ZA	.Times Fallback	Helvetica	Apple Chancery	Zapfino	Menlo
vec	.Times Fallback	Helvetica	Apple Chancery	Zapfino	Menlo
vec-IT	.Times Fallback	Helvetica	Apple Chancery	Zapfino	Menlo
vi	.Times Fallback	Helvetica	Apple Chancery	Zapfino	Menlo
vi-VN	.Times Fallback	Helvetica	Apple Chancery	Zapfino	Menlo
vmw	.Times Fallback	Helvetica	Apple Chancery	Zapfino	Menlo
vmw-MZ	.Times Fallback	Helvetica	Apple Chancery	Zapfino	Menlo
vun	.Times Fallback	Helvetica	Apple Chancery	Zapfino	Menlo
vun-TZ	.Times Fallback	Helvetica	Apple Chancery	Zapfino	Menlo
wa	.Times Fallback	Helvetica	Apple Chancery	Zapfino	Menlo
wa-BE	.Times Fallback	Helvetica	Apple Chancery	Zapfino	Menlo
wae	.Times Fallback	Helvetica	Apple Chancery	Zapfino	Menlo
wae-CH	.Times Fallback	Helvetica	Apple Chancery	Zapfino	Menlo
wal	.Times Fallback	Helvetica	Apple Chancery	Zapfino	Menlo
wal-ET	.Times Fallback	Helvetica	Apple Chancery	Zapfino	Menlo
wo	.Times Fallback	Helvetica	Apple Chancery	Zapfino	Menlo
wo-SN	.Times Fallback	Helvetica	Apple Chancery	Zapfino	Menlo
xh	.Times Fallback	Helvetica	Apple Chancery	Zapfino	Menlo
xh-ZA	.Times Fallback	Helvetica	Apple Chancery	Zapfino	Menlo
xnr	.Times Fallback	Helvetica	Apple Chancery	Zapfino	Menlo
xnr-IN	.Times Fallback	Helvetica	Apple Chancery	Zapfino	Menlo
xog	.Times Fallback	Helvetica	Apple Chancery	Zapfino	Menlo
xog-UG	.Times Fallback	Helvetica	Apple Chancery	Zapfino	Menlo
yav	.Times Fallback	Helvetica	Apple Chancery	Zapfino	Menlo
yav-CM	.Times Fallback	Helvetica	Apple Chancery	Zapfino	Menlo
yi	.Times Fallback	Lucida Grande	.Arial Hebrew Desk Interface	.Arial Hebrew Desk Interface	Courier New
yi-UA	.Times Fallback	Lucida Grande	.Arial Hebrew Desk Interface	.Arial Hebrew Desk Interface	Courier New
yo	.Times Fallback	Helvetica	Apple Chancery	Zapfino	Menlo
yo-BJ	.Times Fallback	Helvetica	Apple Chancery	Zapfino	Menlo
yo-NG	.Times Fallback	Helvetica	Apple Chancery	Zapfino	Menlo
yrl	.Times Fallback	Helvetica	Apple Chancery	Zapfino	Menlo
yrl-BR	.Times Fallback	Helvetica	Apple Chancery	Zapfino	Menlo
yrl-CO	.Times Fallback	Helvetica	Apple Chancery	Zapfino	Menlo
yrl-VE	.Times Fallback	Helvetica	Apple Chancery	Zapfino	Menlo
yue	Songti TC	PingFang HK	Kaiti TC	Kaiti TC	Menlo
yue-Hans	Songti SC	PingFang SC	Kaiti SC	Kaiti SC	Menlo
yue-Hans-CN	Songti SC	PingFang SC	Kaiti SC	Kaiti SC	Menlo
yue-Hant	Songti TC	PingFang HK	Kaiti TC	Kaiti TC	Menlo
yue-Hant-CN	Songti TC	PingFang HK	Kaiti TC	Kaiti TC	Menlo
yue-Hant-HK	Songti TC	PingFang HK	Kaiti TC	Kaiti TC	Menlo
yue-Hant-MO	Songti TC	PingFang MO	Kaiti TC	Kaiti TC	Menlo
za	.Times Fallback	Helvetica	Apple Chancery	Zapfino	Menlo
za-CN	.Times Fallback	Helvetica	Apple Chancery	Zapfino	Menlo
zgh	.Times Fallback	Helvetica	Apple Chancery	Zapfino	Menlo
zgh-MA	.Times Fallback	Helvetica	Apple Chancery	Zapfino	Menlo
zh	Songti SC	PingFang SC	Kaiti SC	Kaiti SC	Menlo
zh-Hans	Songti SC	PingFang SC	Kaiti SC	Kaiti SC	Menlo
zh-Hans-CN	Songti SC	PingFang SC	Kaiti SC	Kaiti SC	Menlo
zh-Hans-HK	Songti SC	PingFang SC	Kaiti SC	Kaiti SC	Menlo
zh-Hans-JP	Songti SC	PingFang SC	Kaiti SC	Kaiti SC	Menlo
zh-Hans-MO	Songti SC	PingFang SC	Kaiti SC	Kaiti SC	Menlo
zh-Hans-MY	Songti SC	PingFang SC	Kaiti SC	Kaiti SC	Menlo
zh-Hans-SG	Songti SC	PingFang SC	Kaiti SC	Kaiti SC	Menlo
zh-Hant	Songti TC	PingFang TC	Kaiti TC	Kaiti TC	Menlo
zh-Hant-CN	Songti TC	PingFang TC	Kaiti TC	Kaiti TC	Menlo
zh-Hant-HK	Songti TC	PingFang HK	Kaiti TC	Kaiti TC	Menlo
zh-Hant-JP	Songti TC	PingFang TC	Kaiti TC	Kaiti TC	Menlo
zh-Hant-MO	Songti TC	PingFang MO	Kaiti TC	Kaiti TC	Menlo
zh-Hant-MY	Songti TC	PingFang TC	Kaiti TC	Kaiti TC	Menlo
zh-Hant-TW	Songti TC	PingFang TC	Kaiti TC	Kaiti TC	Menlo
zu	.Times Fallback	Helvetica	Apple Chancery	Zapfino	Menlo
zu-ZA	.Times Fallback	Helvetica	Apple Chancery	Zapfino	Menlo
zh-CN	Songti SC	PingFang SC	Kaiti SC	Kaiti SC	Menlo
zh-TW	Songti TC	PingFang TC	Kaiti TC	Kaiti TC	Menlo
zh-HK	Songti TC	PingFang HK	Kaiti TC	Kaiti TC	Menlo
zh-MO	Songti TC	PingFang MO	Kaiti TC	Kaiti TC	Menlo
zh-SG	Songti SC	PingFang SC	Kaiti SC	Kaiti SC	Menlo
und	.Times Fallback	Helvetica	Apple Chancery	Zapfino	Menlo
mul	.Times Fallback	Helvetica	Apple Chancery	Zapfino	Menlo
