# label=Homebrew icu4c@78, no LANG u_getVersion=78.3 unicode=17.0 cldr=48.0 uloc_getDefault=en_US_POSIX currentTextBreakLocaleID=zh-Hans-US (CFLocaleCopyPreferredLanguages()[0])
type	requestedLocale	behavior	openedLocale	fellBackToEmptyLocale	openStatus	actualLocale	validLocale	size	sha256	file	roundTrip	webkitSite
line	(empty)	default	(empty)	0	U_ZERO_ERROR	root	root	73280	33394b0828a31413031e54db9f2a8accf776fe9529f2ecb7902974a795e1937b	brk/33394b0828a31413031e54db9f2a8accf776fe9529f2ecb7902974a795e1937b.brk	round-trip-ok	TextBreakIteratorICU.h:56-67 via CachedLineBreakIteratorFactory (InlineItemsBuilder.cpp:950, TextUtil.cpp:384, InlineFormattingUtils.cpp:350, RenderText.cpp:1350)
line	(empty)	loose	(empty)	0	U_ZERO_ERROR	root	root	73280	33394b0828a31413031e54db9f2a8accf776fe9529f2ecb7902974a795e1937b	brk/33394b0828a31413031e54db9f2a8accf776fe9529f2ecb7902974a795e1937b.brk	round-trip-ok	TextBreakIteratorICU.h:56-67 via CachedLineBreakIteratorFactory (InlineItemsBuilder.cpp:950, TextUtil.cpp:384, InlineFormattingUtils.cpp:350, RenderText.cpp:1350)
line	(empty)	normal	(empty)	0	U_ZERO_ERROR	root	root	73280	33394b0828a31413031e54db9f2a8accf776fe9529f2ecb7902974a795e1937b	brk/33394b0828a31413031e54db9f2a8accf776fe9529f2ecb7902974a795e1937b.brk	round-trip-ok	TextBreakIteratorICU.h:56-67 via CachedLineBreakIteratorFactory (InlineItemsBuilder.cpp:950, TextUtil.cpp:384, InlineFormattingUtils.cpp:350, RenderText.cpp:1350)
line	(empty)	strict	(empty)	0	U_ZERO_ERROR	root	root	73280	33394b0828a31413031e54db9f2a8accf776fe9529f2ecb7902974a795e1937b	brk/33394b0828a31413031e54db9f2a8accf776fe9529f2ecb7902974a795e1937b.brk	round-trip-ok	TextBreakIteratorICU.h:56-67 via CachedLineBreakIteratorFactory (InlineItemsBuilder.cpp:950, TextUtil.cpp:384, InlineFormattingUtils.cpp:350, RenderText.cpp:1350)
line	en	default	en	0	U_USING_DEFAULT_WARNING	root	en	73280	33394b0828a31413031e54db9f2a8accf776fe9529f2ecb7902974a795e1937b	brk/33394b0828a31413031e54db9f2a8accf776fe9529f2ecb7902974a795e1937b.brk	round-trip-ok	TextBreakIteratorICU.h:56-67 via CachedLineBreakIteratorFactory (InlineItemsBuilder.cpp:950, TextUtil.cpp:384, InlineFormattingUtils.cpp:350, RenderText.cpp:1350)
line	en	loose	en@lb=loose	0	U_USING_DEFAULT_WARNING	root	en	75432	3082ba71a14b908647417468307c32883f0ea4d3d5947b6a1e4840f9a053d8b9	brk/3082ba71a14b908647417468307c32883f0ea4d3d5947b6a1e4840f9a053d8b9.brk	round-trip-ok	TextBreakIteratorICU.h:56-67 via CachedLineBreakIteratorFactory (InlineItemsBuilder.cpp:950, TextUtil.cpp:384, InlineFormattingUtils.cpp:350, RenderText.cpp:1350)
line	en	normal	en@lb=normal	0	U_USING_DEFAULT_WARNING	root	en	73168	e0a181cf912e4caa81d80e053301b3b3ee7c1252339160ccae2bb9a659e24fbf	brk/e0a181cf912e4caa81d80e053301b3b3ee7c1252339160ccae2bb9a659e24fbf.brk	round-trip-ok	TextBreakIteratorICU.h:56-67 via CachedLineBreakIteratorFactory (InlineItemsBuilder.cpp:950, TextUtil.cpp:384, InlineFormattingUtils.cpp:350, RenderText.cpp:1350)
line	en	strict	en@lb=strict	0	U_USING_DEFAULT_WARNING	root	en	73280	33394b0828a31413031e54db9f2a8accf776fe9529f2ecb7902974a795e1937b	brk/33394b0828a31413031e54db9f2a8accf776fe9529f2ecb7902974a795e1937b.brk	round-trip-ok	TextBreakIteratorICU.h:56-67 via CachedLineBreakIteratorFactory (InlineItemsBuilder.cpp:950, TextUtil.cpp:384, InlineFormattingUtils.cpp:350, RenderText.cpp:1350)
line	en-US	default	en-US	0	U_USING_DEFAULT_WARNING	root	en_US	73280	33394b0828a31413031e54db9f2a8accf776fe9529f2ecb7902974a795e1937b	brk/33394b0828a31413031e54db9f2a8accf776fe9529f2ecb7902974a795e1937b.brk	round-trip-ok	TextBreakIteratorICU.h:56-67 via CachedLineBreakIteratorFactory (InlineItemsBuilder.cpp:950, TextUtil.cpp:384, InlineFormattingUtils.cpp:350, RenderText.cpp:1350)
line	en-US	loose	en-US@lb=loose	0	U_USING_DEFAULT_WARNING	root	en_US	75432	3082ba71a14b908647417468307c32883f0ea4d3d5947b6a1e4840f9a053d8b9	brk/3082ba71a14b908647417468307c32883f0ea4d3d5947b6a1e4840f9a053d8b9.brk	round-trip-ok	TextBreakIteratorICU.h:56-67 via CachedLineBreakIteratorFactory (InlineItemsBuilder.cpp:950, TextUtil.cpp:384, InlineFormattingUtils.cpp:350, RenderText.cpp:1350)
line	en-US	normal	en-US@lb=normal	0	U_USING_DEFAULT_WARNING	root	en_US	73168	e0a181cf912e4caa81d80e053301b3b3ee7c1252339160ccae2bb9a659e24fbf	brk/e0a181cf912e4caa81d80e053301b3b3ee7c1252339160ccae2bb9a659e24fbf.brk	round-trip-ok	TextBreakIteratorICU.h:56-67 via CachedLineBreakIteratorFactory (InlineItemsBuilder.cpp:950, TextUtil.cpp:384, InlineFormattingUtils.cpp:350, RenderText.cpp:1350)
line	en-US	strict	en-US@lb=strict	0	U_USING_DEFAULT_WARNING	root	en_US	73280	33394b0828a31413031e54db9f2a8accf776fe9529f2ecb7902974a795e1937b	brk/33394b0828a31413031e54db9f2a8accf776fe9529f2ecb7902974a795e1937b.brk	round-trip-ok	TextBreakIteratorICU.h:56-67 via CachedLineBreakIteratorFactory (InlineItemsBuilder.cpp:950, TextUtil.cpp:384, InlineFormattingUtils.cpp:350, RenderText.cpp:1350)
line	en_US_POSIX	default	en_US_POSIX	0	U_USING_DEFAULT_WARNING	root	en_US_POSIX	73280	33394b0828a31413031e54db9f2a8accf776fe9529f2ecb7902974a795e1937b	brk/33394b0828a31413031e54db9f2a8accf776fe9529f2ecb7902974a795e1937b.brk	round-trip-ok	TextBreakIteratorICU.h:56-67 via CachedLineBreakIteratorFactory (InlineItemsBuilder.cpp:950, TextUtil.cpp:384, InlineFormattingUtils.cpp:350, RenderText.cpp:1350)
line	en_US_POSIX	loose	en_US_POSIX@lb=loose	0	U_USING_DEFAULT_WARNING	root	en_US_POSIX	75432	3082ba71a14b908647417468307c32883f0ea4d3d5947b6a1e4840f9a053d8b9	brk/3082ba71a14b908647417468307c32883f0ea4d3d5947b6a1e4840f9a053d8b9.brk	round-trip-ok	TextBreakIteratorICU.h:56-67 via CachedLineBreakIteratorFactory (InlineItemsBuilder.cpp:950, TextUtil.cpp:384, InlineFormattingUtils.cpp:350, RenderText.cpp:1350)
line	en_US_POSIX	normal	en_US_POSIX@lb=normal	0	U_USING_DEFAULT_WARNING	root	en_US_POSIX	73168	e0a181cf912e4caa81d80e053301b3b3ee7c1252339160ccae2bb9a659e24fbf	brk/e0a181cf912e4caa81d80e053301b3b3ee7c1252339160ccae2bb9a659e24fbf.brk	round-trip-ok	TextBreakIteratorICU.h:56-67 via CachedLineBreakIteratorFactory (InlineItemsBuilder.cpp:950, TextUtil.cpp:384, InlineFormattingUtils.cpp:350, RenderText.cpp:1350)
line	en_US_POSIX	strict	en_US_POSIX@lb=strict	0	U_USING_DEFAULT_WARNING	root	en_US_POSIX	73280	33394b0828a31413031e54db9f2a8accf776fe9529f2ecb7902974a795e1937b	brk/33394b0828a31413031e54db9f2a8accf776fe9529f2ecb7902974a795e1937b.brk	round-trip-ok	TextBreakIteratorICU.h:56-67 via CachedLineBreakIteratorFactory (InlineItemsBuilder.cpp:950, TextUtil.cpp:384, InlineFormattingUtils.cpp:350, RenderText.cpp:1350)
line	fr	default	fr	0	U_USING_DEFAULT_WARNING	root	fr	73280	33394b0828a31413031e54db9f2a8accf776fe9529f2ecb7902974a795e1937b	brk/33394b0828a31413031e54db9f2a8accf776fe9529f2ecb7902974a795e1937b.brk	round-trip-ok	TextBreakIteratorICU.h:56-67 via CachedLineBreakIteratorFactory (InlineItemsBuilder.cpp:950, TextUtil.cpp:384, InlineFormattingUtils.cpp:350, RenderText.cpp:1350)
line	fr	loose	fr@lb=loose	0	U_USING_DEFAULT_WARNING	root	fr	75432	3082ba71a14b908647417468307c32883f0ea4d3d5947b6a1e4840f9a053d8b9	brk/3082ba71a14b908647417468307c32883f0ea4d3d5947b6a1e4840f9a053d8b9.brk	round-trip-ok	TextBreakIteratorICU.h:56-67 via CachedLineBreakIteratorFactory (InlineItemsBuilder.cpp:950, TextUtil.cpp:384, InlineFormattingUtils.cpp:350, RenderText.cpp:1350)
line	fr	normal	fr@lb=normal	0	U_USING_DEFAULT_WARNING	root	fr	73168	e0a181cf912e4caa81d80e053301b3b3ee7c1252339160ccae2bb9a659e24fbf	brk/e0a181cf912e4caa81d80e053301b3b3ee7c1252339160ccae2bb9a659e24fbf.brk	round-trip-ok	TextBreakIteratorICU.h:56-67 via CachedLineBreakIteratorFactory (InlineItemsBuilder.cpp:950, TextUtil.cpp:384, InlineFormattingUtils.cpp:350, RenderText.cpp:1350)
line	fr	strict	fr@lb=strict	0	U_USING_DEFAULT_WARNING	root	fr	73280	33394b0828a31413031e54db9f2a8accf776fe9529f2ecb7902974a795e1937b	brk/33394b0828a31413031e54db9f2a8accf776fe9529f2ecb7902974a795e1937b.brk	round-trip-ok	TextBreakIteratorICU.h:56-67 via CachedLineBreakIteratorFactory (InlineItemsBuilder.cpp:950, TextUtil.cpp:384, InlineFormattingUtils.cpp:350, RenderText.cpp:1350)
line	de	default	de	0	U_USING_DEFAULT_WARNING	root	de	73280	33394b0828a31413031e54db9f2a8accf776fe9529f2ecb7902974a795e1937b	brk/33394b0828a31413031e54db9f2a8accf776fe9529f2ecb7902974a795e1937b.brk	round-trip-ok	TextBreakIteratorICU.h:56-67 via CachedLineBreakIteratorFactory (InlineItemsBuilder.cpp:950, TextUtil.cpp:384, InlineFormattingUtils.cpp:350, RenderText.cpp:1350)
line	de	loose	de@lb=loose	0	U_USING_DEFAULT_WARNING	root	de	75432	3082ba71a14b908647417468307c32883f0ea4d3d5947b6a1e4840f9a053d8b9	brk/3082ba71a14b908647417468307c32883f0ea4d3d5947b6a1e4840f9a053d8b9.brk	round-trip-ok	TextBreakIteratorICU.h:56-67 via CachedLineBreakIteratorFactory (InlineItemsBuilder.cpp:950, TextUtil.cpp:384, InlineFormattingUtils.cpp:350, RenderText.cpp:1350)
line	de	normal	de@lb=normal	0	U_USING_DEFAULT_WARNING	root	de	73168	e0a181cf912e4caa81d80e053301b3b3ee7c1252339160ccae2bb9a659e24fbf	brk/e0a181cf912e4caa81d80e053301b3b3ee7c1252339160ccae2bb9a659e24fbf.brk	round-trip-ok	TextBreakIteratorICU.h:56-67 via CachedLineBreakIteratorFactory (InlineItemsBuilder.cpp:950, TextUtil.cpp:384, InlineFormattingUtils.cpp:350, RenderText.cpp:1350)
line	de	strict	de@lb=strict	0	U_USING_DEFAULT_WARNING	root	de	73280	33394b0828a31413031e54db9f2a8accf776fe9529f2ecb7902974a795e1937b	brk/33394b0828a31413031e54db9f2a8accf776fe9529f2ecb7902974a795e1937b.brk	round-trip-ok	TextBreakIteratorICU.h:56-67 via CachedLineBreakIteratorFactory (InlineItemsBuilder.cpp:950, TextUtil.cpp:384, InlineFormattingUtils.cpp:350, RenderText.cpp:1350)
line	es	default	es	0	U_USING_DEFAULT_WARNING	root	es	73280	33394b0828a31413031e54db9f2a8accf776fe9529f2ecb7902974a795e1937b	brk/33394b0828a31413031e54db9f2a8accf776fe9529f2ecb7902974a795e1937b.brk	round-trip-ok	TextBreakIteratorICU.h:56-67 via CachedLineBreakIteratorFactory (InlineItemsBuilder.cpp:950, TextUtil.cpp:384, InlineFormattingUtils.cpp:350, RenderText.cpp:1350)
line	es	loose	es@lb=loose	0	U_USING_DEFAULT_WARNING	root	es	75432	3082ba71a14b908647417468307c32883f0ea4d3d5947b6a1e4840f9a053d8b9	brk/3082ba71a14b908647417468307c32883f0ea4d3d5947b6a1e4840f9a053d8b9.brk	round-trip-ok	TextBreakIteratorICU.h:56-67 via CachedLineBreakIteratorFactory (InlineItemsBuilder.cpp:950, TextUtil.cpp:384, InlineFormattingUtils.cpp:350, RenderText.cpp:1350)
line	es	normal	es@lb=normal	0	U_USING_DEFAULT_WARNING	root	es	73168	e0a181cf912e4caa81d80e053301b3b3ee7c1252339160ccae2bb9a659e24fbf	brk/e0a181cf912e4caa81d80e053301b3b3ee7c1252339160ccae2bb9a659e24fbf.brk	round-trip-ok	TextBreakIteratorICU.h:56-67 via CachedLineBreakIteratorFactory (InlineItemsBuilder.cpp:950, TextUtil.cpp:384, InlineFormattingUtils.cpp:350, RenderText.cpp:1350)
line	es	strict	es@lb=strict	0	U_USING_DEFAULT_WARNING	root	es	73280	33394b0828a31413031e54db9f2a8accf776fe9529f2ecb7902974a795e1937b	brk/33394b0828a31413031e54db9f2a8accf776fe9529f2ecb7902974a795e1937b.brk	round-trip-ok	TextBreakIteratorICU.h:56-67 via CachedLineBreakIteratorFactory (InlineItemsBuilder.cpp:950, TextUtil.cpp:384, InlineFormattingUtils.cpp:350, RenderText.cpp:1350)
line	it	default	it	0	U_USING_DEFAULT_WARNING	root	it	73280	33394b0828a31413031e54db9f2a8accf776fe9529f2ecb7902974a795e1937b	brk/33394b0828a31413031e54db9f2a8accf776fe9529f2ecb7902974a795e1937b.brk	round-trip-ok	TextBreakIteratorICU.h:56-67 via CachedLineBreakIteratorFactory (InlineItemsBuilder.cpp:950, TextUtil.cpp:384, InlineFormattingUtils.cpp:350, RenderText.cpp:1350)
line	it	loose	it@lb=loose	0	U_USING_DEFAULT_WARNING	root	it	75432	3082ba71a14b908647417468307c32883f0ea4d3d5947b6a1e4840f9a053d8b9	brk/3082ba71a14b908647417468307c32883f0ea4d3d5947b6a1e4840f9a053d8b9.brk	round-trip-ok	TextBreakIteratorICU.h:56-67 via CachedLineBreakIteratorFactory (InlineItemsBuilder.cpp:950, TextUtil.cpp:384, InlineFormattingUtils.cpp:350, RenderText.cpp:1350)
line	it	normal	it@lb=normal	0	U_USING_DEFAULT_WARNING	root	it	73168	e0a181cf912e4caa81d80e053301b3b3ee7c1252339160ccae2bb9a659e24fbf	brk/e0a181cf912e4caa81d80e053301b3b3ee7c1252339160ccae2bb9a659e24fbf.brk	round-trip-ok	TextBreakIteratorICU.h:56-67 via CachedLineBreakIteratorFactory (InlineItemsBuilder.cpp:950, TextUtil.cpp:384, InlineFormattingUtils.cpp:350, RenderText.cpp:1350)
line	it	strict	it@lb=strict	0	U_USING_DEFAULT_WARNING	root	it	73280	33394b0828a31413031e54db9f2a8accf776fe9529f2ecb7902974a795e1937b	brk/33394b0828a31413031e54db9f2a8accf776fe9529f2ecb7902974a795e1937b.brk	round-trip-ok	TextBreakIteratorICU.h:56-67 via CachedLineBreakIteratorFactory (InlineItemsBuilder.cpp:950, TextUtil.cpp:384, InlineFormattingUtils.cpp:350, RenderText.cpp:1350)
line	pt	default	pt	0	U_USING_DEFAULT_WARNING	root	pt	73280	33394b0828a31413031e54db9f2a8accf776fe9529f2ecb7902974a795e1937b	brk/33394b0828a31413031e54db9f2a8accf776fe9529f2ecb7902974a795e1937b.brk	round-trip-ok	TextBreakIteratorICU.h:56-67 via CachedLineBreakIteratorFactory (InlineItemsBuilder.cpp:950, TextUtil.cpp:384, InlineFormattingUtils.cpp:350, RenderText.cpp:1350)
line	pt	loose	pt@lb=loose	0	U_USING_DEFAULT_WARNING	root	pt	75432	3082ba71a14b908647417468307c32883f0ea4d3d5947b6a1e4840f9a053d8b9	brk/3082ba71a14b908647417468307c32883f0ea4d3d5947b6a1e4840f9a053d8b9.brk	round-trip-ok	TextBreakIteratorICU.h:56-67 via CachedLineBreakIteratorFactory (InlineItemsBuilder.cpp:950, TextUtil.cpp:384, InlineFormattingUtils.cpp:350, RenderText.cpp:1350)
line	pt	normal	pt@lb=normal	0	U_USING_DEFAULT_WARNING	root	pt	73168	e0a181cf912e4caa81d80e053301b3b3ee7c1252339160ccae2bb9a659e24fbf	brk/e0a181cf912e4caa81d80e053301b3b3ee7c1252339160ccae2bb9a659e24fbf.brk	round-trip-ok	TextBreakIteratorICU.h:56-67 via CachedLineBreakIteratorFactory (InlineItemsBuilder.cpp:950, TextUtil.cpp:384, InlineFormattingUtils.cpp:350, RenderText.cpp:1350)
line	pt	strict	pt@lb=strict	0	U_USING_DEFAULT_WARNING	root	pt	73280	33394b0828a31413031e54db9f2a8accf776fe9529f2ecb7902974a795e1937b	brk/33394b0828a31413031e54db9f2a8accf776fe9529f2ecb7902974a795e1937b.brk	round-trip-ok	TextBreakIteratorICU.h:56-67 via CachedLineBreakIteratorFactory (InlineItemsBuilder.cpp:950, TextUtil.cpp:384, InlineFormattingUtils.cpp:350, RenderText.cpp:1350)
line	ru	default	ru	0	U_USING_DEFAULT_WARNING	root	ru	73280	33394b0828a31413031e54db9f2a8accf776fe9529f2ecb7902974a795e1937b	brk/33394b0828a31413031e54db9f2a8accf776fe9529f2ecb7902974a795e1937b.brk	round-trip-ok	TextBreakIteratorICU.h:56-67 via CachedLineBreakIteratorFactory (InlineItemsBuilder.cpp:950, TextUtil.cpp:384, InlineFormattingUtils.cpp:350, RenderText.cpp:1350)
line	ru	loose	ru@lb=loose	0	U_USING_DEFAULT_WARNING	root	ru	75432	3082ba71a14b908647417468307c32883f0ea4d3d5947b6a1e4840f9a053d8b9	brk/3082ba71a14b908647417468307c32883f0ea4d3d5947b6a1e4840f9a053d8b9.brk	round-trip-ok	TextBreakIteratorICU.h:56-67 via CachedLineBreakIteratorFactory (InlineItemsBuilder.cpp:950, TextUtil.cpp:384, InlineFormattingUtils.cpp:350, RenderText.cpp:1350)
line	ru	normal	ru@lb=normal	0	U_USING_DEFAULT_WARNING	root	ru	73168	e0a181cf912e4caa81d80e053301b3b3ee7c1252339160ccae2bb9a659e24fbf	brk/e0a181cf912e4caa81d80e053301b3b3ee7c1252339160ccae2bb9a659e24fbf.brk	round-trip-ok	TextBreakIteratorICU.h:56-67 via CachedLineBreakIteratorFactory (InlineItemsBuilder.cpp:950, TextUtil.cpp:384, InlineFormattingUtils.cpp:350, RenderText.cpp:1350)
line	ru	strict	ru@lb=strict	0	U_USING_DEFAULT_WARNING	root	ru	73280	33394b0828a31413031e54db9f2a8accf776fe9529f2ecb7902974a795e1937b	brk/33394b0828a31413031e54db9f2a8accf776fe9529f2ecb7902974a795e1937b.brk	round-trip-ok	TextBreakIteratorICU.h:56-67 via CachedLineBreakIteratorFactory (InlineItemsBuilder.cpp:950, TextUtil.cpp:384, InlineFormattingUtils.cpp:350, RenderText.cpp:1350)
line	sv	default	sv	0	U_USING_DEFAULT_WARNING	root	root	73280	33394b0828a31413031e54db9f2a8accf776fe9529f2ecb7902974a795e1937b	brk/33394b0828a31413031e54db9f2a8accf776fe9529f2ecb7902974a795e1937b.brk	round-trip-ok	TextBreakIteratorICU.h:56-67 via CachedLineBreakIteratorFactory (InlineItemsBuilder.cpp:950, TextUtil.cpp:384, InlineFormattingUtils.cpp:350, RenderText.cpp:1350)
line	sv	loose	sv@lb=loose	0	U_USING_DEFAULT_WARNING	root	root	75432	3082ba71a14b908647417468307c32883f0ea4d3d5947b6a1e4840f9a053d8b9	brk/3082ba71a14b908647417468307c32883f0ea4d3d5947b6a1e4840f9a053d8b9.brk	round-trip-ok	TextBreakIteratorICU.h:56-67 via CachedLineBreakIteratorFactory (InlineItemsBuilder.cpp:950, TextUtil.cpp:384, InlineFormattingUtils.cpp:350, RenderText.cpp:1350)
line	sv	normal	sv@lb=normal	0	U_USING_DEFAULT_WARNING	root	root	73168	e0a181cf912e4caa81d80e053301b3b3ee7c1252339160ccae2bb9a659e24fbf	brk/e0a181cf912e4caa81d80e053301b3b3ee7c1252339160ccae2bb9a659e24fbf.brk	round-trip-ok	TextBreakIteratorICU.h:56-67 via CachedLineBreakIteratorFactory (InlineItemsBuilder.cpp:950, TextUtil.cpp:384, InlineFormattingUtils.cpp:350, RenderText.cpp:1350)
line	sv	strict	sv@lb=strict	0	U_USING_DEFAULT_WARNING	root	root	73280	33394b0828a31413031e54db9f2a8accf776fe9529f2ecb7902974a795e1937b	brk/33394b0828a31413031e54db9f2a8accf776fe9529f2ecb7902974a795e1937b.brk	round-trip-ok	TextBreakIteratorICU.h:56-67 via CachedLineBreakIteratorFactory (InlineItemsBuilder.cpp:950, TextUtil.cpp:384, InlineFormattingUtils.cpp:350, RenderText.cpp:1350)
line	fi	default	fi	0	U_USING_DEFAULT_WARNING	root	root	73280	33394b0828a31413031e54db9f2a8accf776fe9529f2ecb7902974a795e1937b	brk/33394b0828a31413031e54db9f2a8accf776fe9529f2ecb7902974a795e1937b.brk	round-trip-ok	TextBreakIteratorICU.h:56-67 via CachedLineBreakIteratorFactory (InlineItemsBuilder.cpp:950, TextUtil.cpp:384, InlineFormattingUtils.cpp:350, RenderText.cpp:1350)
line	fi	loose	fi@lb=loose	0	U_USING_DEFAULT_WARNING	root	root	75432	3082ba71a14b908647417468307c32883f0ea4d3d5947b6a1e4840f9a053d8b9	brk/3082ba71a14b908647417468307c32883f0ea4d3d5947b6a1e4840f9a053d8b9.brk	round-trip-ok	TextBreakIteratorICU.h:56-67 via CachedLineBreakIteratorFactory (InlineItemsBuilder.cpp:950, TextUtil.cpp:384, InlineFormattingUtils.cpp:350, RenderText.cpp:1350)
line	fi	normal	fi@lb=normal	0	U_USING_DEFAULT_WARNING	root	root	73168	e0a181cf912e4caa81d80e053301b3b3ee7c1252339160ccae2bb9a659e24fbf	brk/e0a181cf912e4caa81d80e053301b3b3ee7c1252339160ccae2bb9a659e24fbf.brk	round-trip-ok	TextBreakIteratorICU.h:56-67 via CachedLineBreakIteratorFactory (InlineItemsBuilder.cpp:950, TextUtil.cpp:384, InlineFormattingUtils.cpp:350, RenderText.cpp:1350)
line	fi	strict	fi@lb=strict	0	U_USING_DEFAULT_WARNING	root	root	73280	33394b0828a31413031e54db9f2a8accf776fe9529f2ecb7902974a795e1937b	brk/33394b0828a31413031e54db9f2a8accf776fe9529f2ecb7902974a795e1937b.brk	round-trip-ok	TextBreakIteratorICU.h:56-67 via CachedLineBreakIteratorFactory (InlineItemsBuilder.cpp:950, TextUtil.cpp:384, InlineFormattingUtils.cpp:350, RenderText.cpp:1350)
line	el	default	el	0	U_USING_DEFAULT_WARNING	root	el	73280	33394b0828a31413031e54db9f2a8accf776fe9529f2ecb7902974a795e1937b	brk/33394b0828a31413031e54db9f2a8accf776fe9529f2ecb7902974a795e1937b.brk	round-trip-ok	TextBreakIteratorICU.h:56-67 via CachedLineBreakIteratorFactory (InlineItemsBuilder.cpp:950, TextUtil.cpp:384, InlineFormattingUtils.cpp:350, RenderText.cpp:1350)
line	el	loose	el@lb=loose	0	U_USING_DEFAULT_WARNING	root	el	75432	3082ba71a14b908647417468307c32883f0ea4d3d5947b6a1e4840f9a053d8b9	brk/3082ba71a14b908647417468307c32883f0ea4d3d5947b6a1e4840f9a053d8b9.brk	round-trip-ok	TextBreakIteratorICU.h:56-67 via CachedLineBreakIteratorFactory (InlineItemsBuilder.cpp:950, TextUtil.cpp:384, InlineFormattingUtils.cpp:350, RenderText.cpp:1350)
line	el	normal	el@lb=normal	0	U_USING_DEFAULT_WARNING	root	el	73168	e0a181cf912e4caa81d80e053301b3b3ee7c1252339160ccae2bb9a659e24fbf	brk/e0a181cf912e4caa81d80e053301b3b3ee7c1252339160ccae2bb9a659e24fbf.brk	round-trip-ok	TextBreakIteratorICU.h:56-67 via CachedLineBreakIteratorFactory (InlineItemsBuilder.cpp:950, TextUtil.cpp:384, InlineFormattingUtils.cpp:350, RenderText.cpp:1350)
line	el	strict	el@lb=strict	0	U_USING_DEFAULT_WARNING	root	el	73280	33394b0828a31413031e54db9f2a8accf776fe9529f2ecb7902974a795e1937b	brk/33394b0828a31413031e54db9f2a8accf776fe9529f2ecb7902974a795e1937b.brk	round-trip-ok	TextBreakIteratorICU.h:56-67 via CachedLineBreakIteratorFactory (InlineItemsBuilder.cpp:950, TextUtil.cpp:384, InlineFormattingUtils.cpp:350, RenderText.cpp:1350)
line	tr	default	tr	0	U_USING_DEFAULT_WARNING	root	root	73280	33394b0828a31413031e54db9f2a8accf776fe9529f2ecb7902974a795e1937b	brk/33394b0828a31413031e54db9f2a8accf776fe9529f2ecb7902974a795e1937b.brk	round-trip-ok	TextBreakIteratorICU.h:56-67 via CachedLineBreakIteratorFactory (InlineItemsBuilder.cpp:950, TextUtil.cpp:384, InlineFormattingUtils.cpp:350, RenderText.cpp:1350)
line	tr	loose	tr@lb=loose	0	U_USING_DEFAULT_WARNING	root	root	75432	3082ba71a14b908647417468307c32883f0ea4d3d5947b6a1e4840f9a053d8b9	brk/3082ba71a14b908647417468307c32883f0ea4d3d5947b6a1e4840f9a053d8b9.brk	round-trip-ok	TextBreakIteratorICU.h:56-67 via CachedLineBreakIteratorFactory (InlineItemsBuilder.cpp:950, TextUtil.cpp:384, InlineFormattingUtils.cpp:350, RenderText.cpp:1350)
line	tr	normal	tr@lb=normal	0	U_USING_DEFAULT_WARNING	root	root	73168	e0a181cf912e4caa81d80e053301b3b3ee7c1252339160ccae2bb9a659e24fbf	brk/e0a181cf912e4caa81d80e053301b3b3ee7c1252339160ccae2bb9a659e24fbf.brk	round-trip-ok	TextBreakIteratorICU.h:56-67 via CachedLineBreakIteratorFactory (InlineItemsBuilder.cpp:950, TextUtil.cpp:384, InlineFormattingUtils.cpp:350, RenderText.cpp:1350)
line	tr	strict	tr@lb=strict	0	U_USING_DEFAULT_WARNING	root	root	73280	33394b0828a31413031e54db9f2a8accf776fe9529f2ecb7902974a795e1937b	brk/33394b0828a31413031e54db9f2a8accf776fe9529f2ecb7902974a795e1937b.brk	round-trip-ok	TextBreakIteratorICU.h:56-67 via CachedLineBreakIteratorFactory (InlineItemsBuilder.cpp:950, TextUtil.cpp:384, InlineFormattingUtils.cpp:350, RenderText.cpp:1350)
line	pl	default	pl	0	U_USING_DEFAULT_WARNING	root	root	73280	33394b0828a31413031e54db9f2a8accf776fe9529f2ecb7902974a795e1937b	brk/33394b0828a31413031e54db9f2a8accf776fe9529f2ecb7902974a795e1937b.brk	round-trip-ok	TextBreakIteratorICU.h:56-67 via CachedLineBreakIteratorFactory (InlineItemsBuilder.cpp:950, TextUtil.cpp:384, InlineFormattingUtils.cpp:350, RenderText.cpp:1350)
line	pl	loose	pl@lb=loose	0	U_USING_DEFAULT_WARNING	root	root	75432	3082ba71a14b908647417468307c32883f0ea4d3d5947b6a1e4840f9a053d8b9	brk/3082ba71a14b908647417468307c32883f0ea4d3d5947b6a1e4840f9a053d8b9.brk	round-trip-ok	TextBreakIteratorICU.h:56-67 via CachedLineBreakIteratorFactory (InlineItemsBuilder.cpp:950, TextUtil.cpp:384, InlineFormattingUtils.cpp:350, RenderText.cpp:1350)
line	pl	normal	pl@lb=normal	0	U_USING_DEFAULT_WARNING	root	root	73168	e0a181cf912e4caa81d80e053301b3b3ee7c1252339160ccae2bb9a659e24fbf	brk/e0a181cf912e4caa81d80e053301b3b3ee7c1252339160ccae2bb9a659e24fbf.brk	round-trip-ok	TextBreakIteratorICU.h:56-67 via CachedLineBreakIteratorFactory (InlineItemsBuilder.cpp:950, TextUtil.cpp:384, InlineFormattingUtils.cpp:350, RenderText.cpp:1350)
line	pl	strict	pl@lb=strict	0	U_USING_DEFAULT_WARNING	root	root	73280	33394b0828a31413031e54db9f2a8accf776fe9529f2ecb7902974a795e1937b	brk/33394b0828a31413031e54db9f2a8accf776fe9529f2ecb7902974a795e1937b.brk	round-trip-ok	TextBreakIteratorICU.h:56-67 via CachedLineBreakIteratorFactory (InlineItemsBuilder.cpp:950, TextUtil.cpp:384, InlineFormattingUtils.cpp:350, RenderText.cpp:1350)
line	nl	default	nl	0	U_USING_DEFAULT_WARNING	root	root	73280	33394b0828a31413031e54db9f2a8accf776fe9529f2ecb7902974a795e1937b	brk/33394b0828a31413031e54db9f2a8accf776fe9529f2ecb7902974a795e1937b.brk	round-trip-ok	TextBreakIteratorICU.h:56-67 via CachedLineBreakIteratorFactory (InlineItemsBuilder.cpp:950, TextUtil.cpp:384, InlineFormattingUtils.cpp:350, RenderText.cpp:1350)
line	nl	loose	nl@lb=loose	0	U_USING_DEFAULT_WARNING	root	root	75432	3082ba71a14b908647417468307c32883f0ea4d3d5947b6a1e4840f9a053d8b9	brk/3082ba71a14b908647417468307c32883f0ea4d3d5947b6a1e4840f9a053d8b9.brk	round-trip-ok	TextBreakIteratorICU.h:56-67 via CachedLineBreakIteratorFactory (InlineItemsBuilder.cpp:950, TextUtil.cpp:384, InlineFormattingUtils.cpp:350, RenderText.cpp:1350)
line	nl	normal	nl@lb=normal	0	U_USING_DEFAULT_WARNING	root	root	73168	e0a181cf912e4caa81d80e053301b3b3ee7c1252339160ccae2bb9a659e24fbf	brk/e0a181cf912e4caa81d80e053301b3b3ee7c1252339160ccae2bb9a659e24fbf.brk	round-trip-ok	TextBreakIteratorICU.h:56-67 via CachedLineBreakIteratorFactory (InlineItemsBuilder.cpp:950, TextUtil.cpp:384, InlineFormattingUtils.cpp:350, RenderText.cpp:1350)
line	nl	strict	nl@lb=strict	0	U_USING_DEFAULT_WARNING	root	root	73280	33394b0828a31413031e54db9f2a8accf776fe9529f2ecb7902974a795e1937b	brk/33394b0828a31413031e54db9f2a8accf776fe9529f2ecb7902974a795e1937b.brk	round-trip-ok	TextBreakIteratorICU.h:56-67 via CachedLineBreakIteratorFactory (InlineItemsBuilder.cpp:950, TextUtil.cpp:384, InlineFormattingUtils.cpp:350, RenderText.cpp:1350)
line	ja	default	ja	0	U_ZERO_ERROR	ja	ja	73168	e0a181cf912e4caa81d80e053301b3b3ee7c1252339160ccae2bb9a659e24fbf	brk/e0a181cf912e4caa81d80e053301b3b3ee7c1252339160ccae2bb9a659e24fbf.brk	round-trip-ok	TextBreakIteratorICU.h:56-67 via CachedLineBreakIteratorFactory (InlineItemsBuilder.cpp:950, TextUtil.cpp:384, InlineFormattingUtils.cpp:350, RenderText.cpp:1350)
line	ja	loose	ja@lb=loose	0	U_ZERO_ERROR	ja	ja	80096	96cd0d88bd072398370d9c580c017c98f8c1867d557dd9f85bfaeb10ddcc537e	brk/96cd0d88bd072398370d9c580c017c98f8c1867d557dd9f85bfaeb10ddcc537e.brk	round-trip-ok	TextBreakIteratorICU.h:56-67 via CachedLineBreakIteratorFactory (InlineItemsBuilder.cpp:950, TextUtil.cpp:384, InlineFormattingUtils.cpp:350, RenderText.cpp:1350)
line	ja	normal	ja@lb=normal	0	U_ZERO_ERROR	ja	ja	74264	b8edeff485a3eb0870d3dabd696153b21ca409cf2479c1b0beb60ef4cf3e07fa	brk/b8edeff485a3eb0870d3dabd696153b21ca409cf2479c1b0beb60ef4cf3e07fa.brk	round-trip-ok	TextBreakIteratorICU.h:56-67 via CachedLineBreakIteratorFactory (InlineItemsBuilder.cpp:950, TextUtil.cpp:384, InlineFormattingUtils.cpp:350, RenderText.cpp:1350)
line	ja	strict	ja@lb=strict	0	U_ZERO_ERROR	ja	ja	73312	4db5cefdd217b47a782a80c379ca73eded90c2ae471dada5a3f996eaa69310ee	brk/4db5cefdd217b47a782a80c379ca73eded90c2ae471dada5a3f996eaa69310ee.brk	round-trip-ok	TextBreakIteratorICU.h:56-67 via CachedLineBreakIteratorFactory (InlineItemsBuilder.cpp:950, TextUtil.cpp:384, InlineFormattingUtils.cpp:350, RenderText.cpp:1350)
line	ja-JP	default	ja-JP	0	U_USING_FALLBACK_WARNING	ja	ja	73168	e0a181cf912e4caa81d80e053301b3b3ee7c1252339160ccae2bb9a659e24fbf	brk/e0a181cf912e4caa81d80e053301b3b3ee7c1252339160ccae2bb9a659e24fbf.brk	round-trip-ok	TextBreakIteratorICU.h:56-67 via CachedLineBreakIteratorFactory (InlineItemsBuilder.cpp:950, TextUtil.cpp:384, InlineFormattingUtils.cpp:350, RenderText.cpp:1350)
line	ja-JP	loose	ja-JP@lb=loose	0	U_USING_FALLBACK_WARNING	ja	ja	80096	96cd0d88bd072398370d9c580c017c98f8c1867d557dd9f85bfaeb10ddcc537e	brk/96cd0d88bd072398370d9c580c017c98f8c1867d557dd9f85bfaeb10ddcc537e.brk	round-trip-ok	TextBreakIteratorICU.h:56-67 via CachedLineBreakIteratorFactory (InlineItemsBuilder.cpp:950, TextUtil.cpp:384, InlineFormattingUtils.cpp:350, RenderText.cpp:1350)
line	ja-JP	normal	ja-JP@lb=normal	0	U_USING_FALLBACK_WARNING	ja	ja	74264	b8edeff485a3eb0870d3dabd696153b21ca409cf2479c1b0beb60ef4cf3e07fa	brk/b8edeff485a3eb0870d3dabd696153b21ca409cf2479c1b0beb60ef4cf3e07fa.brk	round-trip-ok	TextBreakIteratorICU.h:56-67 via CachedLineBreakIteratorFactory (InlineItemsBuilder.cpp:950, TextUtil.cpp:384, InlineFormattingUtils.cpp:350, RenderText.cpp:1350)
line	ja-JP	strict	ja-JP@lb=strict	0	U_USING_FALLBACK_WARNING	ja	ja	73312	4db5cefdd217b47a782a80c379ca73eded90c2ae471dada5a3f996eaa69310ee	brk/4db5cefdd217b47a782a80c379ca73eded90c2ae471dada5a3f996eaa69310ee.brk	round-trip-ok	TextBreakIteratorICU.h:56-67 via CachedLineBreakIteratorFactory (InlineItemsBuilder.cpp:950, TextUtil.cpp:384, InlineFormattingUtils.cpp:350, RenderText.cpp:1350)
line	ko	default	ko	0	U_ZERO_ERROR	ko	ko	73168	e0a181cf912e4caa81d80e053301b3b3ee7c1252339160ccae2bb9a659e24fbf	brk/e0a181cf912e4caa81d80e053301b3b3ee7c1252339160ccae2bb9a659e24fbf.brk	round-trip-ok	TextBreakIteratorICU.h:56-67 via CachedLineBreakIteratorFactory (InlineItemsBuilder.cpp:950, TextUtil.cpp:384, InlineFormattingUtils.cpp:350, RenderText.cpp:1350)
line	ko	loose	ko@lb=loose	0	U_ZERO_ERROR	ko	ko	80096	96cd0d88bd072398370d9c580c017c98f8c1867d557dd9f85bfaeb10ddcc537e	brk/96cd0d88bd072398370d9c580c017c98f8c1867d557dd9f85bfaeb10ddcc537e.brk	round-trip-ok	TextBreakIteratorICU.h:56-67 via CachedLineBreakIteratorFactory (InlineItemsBuilder.cpp:950, TextUtil.cpp:384, InlineFormattingUtils.cpp:350, RenderText.cpp:1350)
line	ko	normal	ko@lb=normal	0	U_ZERO_ERROR	ko	ko	74264	b8edeff485a3eb0870d3dabd696153b21ca409cf2479c1b0beb60ef4cf3e07fa	brk/b8edeff485a3eb0870d3dabd696153b21ca409cf2479c1b0beb60ef4cf3e07fa.brk	round-trip-ok	TextBreakIteratorICU.h:56-67 via CachedLineBreakIteratorFactory (InlineItemsBuilder.cpp:950, TextUtil.cpp:384, InlineFormattingUtils.cpp:350, RenderText.cpp:1350)
line	ko	strict	ko@lb=strict	0	U_ZERO_ERROR	ko	ko	73312	4db5cefdd217b47a782a80c379ca73eded90c2ae471dada5a3f996eaa69310ee	brk/4db5cefdd217b47a782a80c379ca73eded90c2ae471dada5a3f996eaa69310ee.brk	round-trip-ok	TextBreakIteratorICU.h:56-67 via CachedLineBreakIteratorFactory (InlineItemsBuilder.cpp:950, TextUtil.cpp:384, InlineFormattingUtils.cpp:350, RenderText.cpp:1350)
line	ko-KR	default	ko-KR	0	U_USING_FALLBACK_WARNING	ko	ko	73168	e0a181cf912e4caa81d80e053301b3b3ee7c1252339160ccae2bb9a659e24fbf	brk/e0a181cf912e4caa81d80e053301b3b3ee7c1252339160ccae2bb9a659e24fbf.brk	round-trip-ok	TextBreakIteratorICU.h:56-67 via CachedLineBreakIteratorFactory (InlineItemsBuilder.cpp:950, TextUtil.cpp:384, InlineFormattingUtils.cpp:350, RenderText.cpp:1350)
line	ko-KR	loose	ko-KR@lb=loose	0	U_USING_FALLBACK_WARNING	ko	ko	80096	96cd0d88bd072398370d9c580c017c98f8c1867d557dd9f85bfaeb10ddcc537e	brk/96cd0d88bd072398370d9c580c017c98f8c1867d557dd9f85bfaeb10ddcc537e.brk	round-trip-ok	TextBreakIteratorICU.h:56-67 via CachedLineBreakIteratorFactory (InlineItemsBuilder.cpp:950, TextUtil.cpp:384, InlineFormattingUtils.cpp:350, RenderText.cpp:1350)
line	ko-KR	normal	ko-KR@lb=normal	0	U_USING_FALLBACK_WARNING	ko	ko	74264	b8edeff485a3eb0870d3dabd696153b21ca409cf2479c1b0beb60ef4cf3e07fa	brk/b8edeff485a3eb0870d3dabd696153b21ca409cf2479c1b0beb60ef4cf3e07fa.brk	round-trip-ok	TextBreakIteratorICU.h:56-67 via CachedLineBreakIteratorFactory (InlineItemsBuilder.cpp:950, TextUtil.cpp:384, InlineFormattingUtils.cpp:350, RenderText.cpp:1350)
line	ko-KR	strict	ko-KR@lb=strict	0	U_USING_FALLBACK_WARNING	ko	ko	73312	4db5cefdd217b47a782a80c379ca73eded90c2ae471dada5a3f996eaa69310ee	brk/4db5cefdd217b47a782a80c379ca73eded90c2ae471dada5a3f996eaa69310ee.brk	round-trip-ok	TextBreakIteratorICU.h:56-67 via CachedLineBreakIteratorFactory (InlineItemsBuilder.cpp:950, TextUtil.cpp:384, InlineFormattingUtils.cpp:350, RenderText.cpp:1350)
line	zh	default	zh	0	U_ZERO_ERROR	zh	zh	73312	4db5cefdd217b47a782a80c379ca73eded90c2ae471dada5a3f996eaa69310ee	brk/4db5cefdd217b47a782a80c379ca73eded90c2ae471dada5a3f996eaa69310ee.brk	round-trip-ok	TextBreakIteratorICU.h:56-67 via CachedLineBreakIteratorFactory (InlineItemsBuilder.cpp:950, TextUtil.cpp:384, InlineFormattingUtils.cpp:350, RenderText.cpp:1350)
line	zh	loose	zh@lb=loose	0	U_ZERO_ERROR	zh	zh	80096	96cd0d88bd072398370d9c580c017c98f8c1867d557dd9f85bfaeb10ddcc537e	brk/96cd0d88bd072398370d9c580c017c98f8c1867d557dd9f85bfaeb10ddcc537e.brk	round-trip-ok	TextBreakIteratorICU.h:56-67 via CachedLineBreakIteratorFactory (InlineItemsBuilder.cpp:950, TextUtil.cpp:384, InlineFormattingUtils.cpp:350, RenderText.cpp:1350)
line	zh	normal	zh@lb=normal	0	U_ZERO_ERROR	zh	zh	74264	b8edeff485a3eb0870d3dabd696153b21ca409cf2479c1b0beb60ef4cf3e07fa	brk/b8edeff485a3eb0870d3dabd696153b21ca409cf2479c1b0beb60ef4cf3e07fa.brk	round-trip-ok	TextBreakIteratorICU.h:56-67 via CachedLineBreakIteratorFactory (InlineItemsBuilder.cpp:950, TextUtil.cpp:384, InlineFormattingUtils.cpp:350, RenderText.cpp:1350)
line	zh	strict	zh@lb=strict	0	U_ZERO_ERROR	zh	zh	73312	4db5cefdd217b47a782a80c379ca73eded90c2ae471dada5a3f996eaa69310ee	brk/4db5cefdd217b47a782a80c379ca73eded90c2ae471dada5a3f996eaa69310ee.brk	round-trip-ok	TextBreakIteratorICU.h:56-67 via CachedLineBreakIteratorFactory (InlineItemsBuilder.cpp:950, TextUtil.cpp:384, InlineFormattingUtils.cpp:350, RenderText.cpp:1350)
line	zh-hans	default	zh-hans	0	U_USING_FALLBACK_WARNING	zh	zh	73312	4db5cefdd217b47a782a80c379ca73eded90c2ae471dada5a3f996eaa69310ee	brk/4db5cefdd217b47a782a80c379ca73eded90c2ae471dada5a3f996eaa69310ee.brk	round-trip-ok	TextBreakIteratorICU.h:56-67 via CachedLineBreakIteratorFactory (InlineItemsBuilder.cpp:950, TextUtil.cpp:384, InlineFormattingUtils.cpp:350, RenderText.cpp:1350)
line	zh-hans	loose	zh-hans@lb=loose	0	U_USING_FALLBACK_WARNING	zh	zh	80096	96cd0d88bd072398370d9c580c017c98f8c1867d557dd9f85bfaeb10ddcc537e	brk/96cd0d88bd072398370d9c580c017c98f8c1867d557dd9f85bfaeb10ddcc537e.brk	round-trip-ok	TextBreakIteratorICU.h:56-67 via CachedLineBreakIteratorFactory (InlineItemsBuilder.cpp:950, TextUtil.cpp:384, InlineFormattingUtils.cpp:350, RenderText.cpp:1350)
line	zh-hans	normal	zh-hans@lb=normal	0	U_USING_FALLBACK_WARNING	zh	zh	74264	b8edeff485a3eb0870d3dabd696153b21ca409cf2479c1b0beb60ef4cf3e07fa	brk/b8edeff485a3eb0870d3dabd696153b21ca409cf2479c1b0beb60ef4cf3e07fa.brk	round-trip-ok	TextBreakIteratorICU.h:56-67 via CachedLineBreakIteratorFactory (InlineItemsBuilder.cpp:950, TextUtil.cpp:384, InlineFormattingUtils.cpp:350, RenderText.cpp:1350)
line	zh-hans	strict	zh-hans@lb=strict	0	U_USING_FALLBACK_WARNING	zh	zh	73312	4db5cefdd217b47a782a80c379ca73eded90c2ae471dada5a3f996eaa69310ee	brk/4db5cefdd217b47a782a80c379ca73eded90c2ae471dada5a3f996eaa69310ee.brk	round-trip-ok	TextBreakIteratorICU.h:56-67 via CachedLineBreakIteratorFactory (InlineItemsBuilder.cpp:950, TextUtil.cpp:384, InlineFormattingUtils.cpp:350, RenderText.cpp:1350)
line	zh-Hans	default	zh-Hans	0	U_USING_FALLBACK_WARNING	zh	zh	73312	4db5cefdd217b47a782a80c379ca73eded90c2ae471dada5a3f996eaa69310ee	brk/4db5cefdd217b47a782a80c379ca73eded90c2ae471dada5a3f996eaa69310ee.brk	round-trip-ok	TextBreakIteratorICU.h:56-67 via CachedLineBreakIteratorFactory (InlineItemsBuilder.cpp:950, TextUtil.cpp:384, InlineFormattingUtils.cpp:350, RenderText.cpp:1350)
line	zh-Hans	loose	zh-Hans@lb=loose	0	U_USING_FALLBACK_WARNING	zh	zh	80096	96cd0d88bd072398370d9c580c017c98f8c1867d557dd9f85bfaeb10ddcc537e	brk/96cd0d88bd072398370d9c580c017c98f8c1867d557dd9f85bfaeb10ddcc537e.brk	round-trip-ok	TextBreakIteratorICU.h:56-67 via CachedLineBreakIteratorFactory (InlineItemsBuilder.cpp:950, TextUtil.cpp:384, InlineFormattingUtils.cpp:350, RenderText.cpp:1350)
line	zh-Hans	normal	zh-Hans@lb=normal	0	U_USING_FALLBACK_WARNING	zh	zh	74264	b8edeff485a3eb0870d3dabd696153b21ca409cf2479c1b0beb60ef4cf3e07fa	brk/b8edeff485a3eb0870d3dabd696153b21ca409cf2479c1b0beb60ef4cf3e07fa.brk	round-trip-ok	TextBreakIteratorICU.h:56-67 via CachedLineBreakIteratorFactory (InlineItemsBuilder.cpp:950, TextUtil.cpp:384, InlineFormattingUtils.cpp:350, RenderText.cpp:1350)
line	zh-Hans	strict	zh-Hans@lb=strict	0	U_USING_FALLBACK_WARNING	zh	zh	73312	4db5cefdd217b47a782a80c379ca73eded90c2ae471dada5a3f996eaa69310ee	brk/4db5cefdd217b47a782a80c379ca73eded90c2ae471dada5a3f996eaa69310ee.brk	round-trip-ok	TextBreakIteratorICU.h:56-67 via CachedLineBreakIteratorFactory (InlineItemsBuilder.cpp:950, TextUtil.cpp:384, InlineFormattingUtils.cpp:350, RenderText.cpp:1350)
line	zh-Hans-US	default	zh-Hans-US	0	U_USING_FALLBACK_WARNING	zh	zh	73312	4db5cefdd217b47a782a80c379ca73eded90c2ae471dada5a3f996eaa69310ee	brk/4db5cefdd217b47a782a80c379ca73eded90c2ae471dada5a3f996eaa69310ee.brk	round-trip-ok	TextBreakIteratorICU.h:56-67 via CachedLineBreakIteratorFactory (InlineItemsBuilder.cpp:950, TextUtil.cpp:384, InlineFormattingUtils.cpp:350, RenderText.cpp:1350)
line	zh-Hans-US	loose	zh-Hans-US@lb=loose	0	U_USING_FALLBACK_WARNING	zh	zh	80096	96cd0d88bd072398370d9c580c017c98f8c1867d557dd9f85bfaeb10ddcc537e	brk/96cd0d88bd072398370d9c580c017c98f8c1867d557dd9f85bfaeb10ddcc537e.brk	round-trip-ok	TextBreakIteratorICU.h:56-67 via CachedLineBreakIteratorFactory (InlineItemsBuilder.cpp:950, TextUtil.cpp:384, InlineFormattingUtils.cpp:350, RenderText.cpp:1350)
line	zh-Hans-US	normal	zh-Hans-US@lb=normal	0	U_USING_FALLBACK_WARNING	zh	zh	74264	b8edeff485a3eb0870d3dabd696153b21ca409cf2479c1b0beb60ef4cf3e07fa	brk/b8edeff485a3eb0870d3dabd696153b21ca409cf2479c1b0beb60ef4cf3e07fa.brk	round-trip-ok	TextBreakIteratorICU.h:56-67 via CachedLineBreakIteratorFactory (InlineItemsBuilder.cpp:950, TextUtil.cpp:384, InlineFormattingUtils.cpp:350, RenderText.cpp:1350)
line	zh-Hans-US	strict	zh-Hans-US@lb=strict	0	U_USING_FALLBACK_WARNING	zh	zh	73312	4db5cefdd217b47a782a80c379ca73eded90c2ae471dada5a3f996eaa69310ee	brk/4db5cefdd217b47a782a80c379ca73eded90c2ae471dada5a3f996eaa69310ee.brk	round-trip-ok	TextBreakIteratorICU.h:56-67 via CachedLineBreakIteratorFactory (InlineItemsBuilder.cpp:950, TextUtil.cpp:384, InlineFormattingUtils.cpp:350, RenderText.cpp:1350)
line	zh-CN	default	zh-CN	0	U_USING_FALLBACK_WARNING	zh	zh	73312	4db5cefdd217b47a782a80c379ca73eded90c2ae471dada5a3f996eaa69310ee	brk/4db5cefdd217b47a782a80c379ca73eded90c2ae471dada5a3f996eaa69310ee.brk	round-trip-ok	TextBreakIteratorICU.h:56-67 via CachedLineBreakIteratorFactory (InlineItemsBuilder.cpp:950, TextUtil.cpp:384, InlineFormattingUtils.cpp:350, RenderText.cpp:1350)
line	zh-CN	loose	zh-CN@lb=loose	0	U_USING_FALLBACK_WARNING	zh	zh	80096	96cd0d88bd072398370d9c580c017c98f8c1867d557dd9f85bfaeb10ddcc537e	brk/96cd0d88bd072398370d9c580c017c98f8c1867d557dd9f85bfaeb10ddcc537e.brk	round-trip-ok	TextBreakIteratorICU.h:56-67 via CachedLineBreakIteratorFactory (InlineItemsBuilder.cpp:950, TextUtil.cpp:384, InlineFormattingUtils.cpp:350, RenderText.cpp:1350)
line	zh-CN	normal	zh-CN@lb=normal	0	U_USING_FALLBACK_WARNING	zh	zh	74264	b8edeff485a3eb0870d3dabd696153b21ca409cf2479c1b0beb60ef4cf3e07fa	brk/b8edeff485a3eb0870d3dabd696153b21ca409cf2479c1b0beb60ef4cf3e07fa.brk	round-trip-ok	TextBreakIteratorICU.h:56-67 via CachedLineBreakIteratorFactory (InlineItemsBuilder.cpp:950, TextUtil.cpp:384, InlineFormattingUtils.cpp:350, RenderText.cpp:1350)
line	zh-CN	strict	zh-CN@lb=strict	0	U_USING_FALLBACK_WARNING	zh	zh	73312	4db5cefdd217b47a782a80c379ca73eded90c2ae471dada5a3f996eaa69310ee	brk/4db5cefdd217b47a782a80c379ca73eded90c2ae471dada5a3f996eaa69310ee.brk	round-trip-ok	TextBreakIteratorICU.h:56-67 via CachedLineBreakIteratorFactory (InlineItemsBuilder.cpp:950, TextUtil.cpp:384, InlineFormattingUtils.cpp:350, RenderText.cpp:1350)
line	zh-SG	default	zh-SG	0	U_USING_FALLBACK_WARNING	zh	zh	73312	4db5cefdd217b47a782a80c379ca73eded90c2ae471dada5a3f996eaa69310ee	brk/4db5cefdd217b47a782a80c379ca73eded90c2ae471dada5a3f996eaa69310ee.brk	round-trip-ok	TextBreakIteratorICU.h:56-67 via CachedLineBreakIteratorFactory (InlineItemsBuilder.cpp:950, TextUtil.cpp:384, InlineFormattingUtils.cpp:350, RenderText.cpp:1350)
line	zh-SG	loose	zh-SG@lb=loose	0	U_USING_FALLBACK_WARNING	zh	zh	80096	96cd0d88bd072398370d9c580c017c98f8c1867d557dd9f85bfaeb10ddcc537e	brk/96cd0d88bd072398370d9c580c017c98f8c1867d557dd9f85bfaeb10ddcc537e.brk	round-trip-ok	TextBreakIteratorICU.h:56-67 via CachedLineBreakIteratorFactory (InlineItemsBuilder.cpp:950, TextUtil.cpp:384, InlineFormattingUtils.cpp:350, RenderText.cpp:1350)
line	zh-SG	normal	zh-SG@lb=normal	0	U_USING_FALLBACK_WARNING	zh	zh	74264	b8edeff485a3eb0870d3dabd696153b21ca409cf2479c1b0beb60ef4cf3e07fa	brk/b8edeff485a3eb0870d3dabd696153b21ca409cf2479c1b0beb60ef4cf3e07fa.brk	round-trip-ok	TextBreakIteratorICU.h:56-67 via CachedLineBreakIteratorFactory (InlineItemsBuilder.cpp:950, TextUtil.cpp:384, InlineFormattingUtils.cpp:350, RenderText.cpp:1350)
line	zh-SG	strict	zh-SG@lb=strict	0	U_USING_FALLBACK_WARNING	zh	zh	73312	4db5cefdd217b47a782a80c379ca73eded90c2ae471dada5a3f996eaa69310ee	brk/4db5cefdd217b47a782a80c379ca73eded90c2ae471dada5a3f996eaa69310ee.brk	round-trip-ok	TextBreakIteratorICU.h:56-67 via CachedLineBreakIteratorFactory (InlineItemsBuilder.cpp:950, TextUtil.cpp:384, InlineFormattingUtils.cpp:350, RenderText.cpp:1350)
line	zh-Hant	default	zh-Hant	0	U_ZERO_ERROR	zh_Hant	zh_Hant	73312	4db5cefdd217b47a782a80c379ca73eded90c2ae471dada5a3f996eaa69310ee	brk/4db5cefdd217b47a782a80c379ca73eded90c2ae471dada5a3f996eaa69310ee.brk	round-trip-ok	TextBreakIteratorICU.h:56-67 via CachedLineBreakIteratorFactory (InlineItemsBuilder.cpp:950, TextUtil.cpp:384, InlineFormattingUtils.cpp:350, RenderText.cpp:1350)
line	zh-Hant	loose	zh-Hant@lb=loose	0	U_ZERO_ERROR	zh_Hant	zh_Hant	80096	96cd0d88bd072398370d9c580c017c98f8c1867d557dd9f85bfaeb10ddcc537e	brk/96cd0d88bd072398370d9c580c017c98f8c1867d557dd9f85bfaeb10ddcc537e.brk	round-trip-ok	TextBreakIteratorICU.h:56-67 via CachedLineBreakIteratorFactory (InlineItemsBuilder.cpp:950, TextUtil.cpp:384, InlineFormattingUtils.cpp:350, RenderText.cpp:1350)
line	zh-Hant	normal	zh-Hant@lb=normal	0	U_ZERO_ERROR	zh_Hant	zh_Hant	74264	b8edeff485a3eb0870d3dabd696153b21ca409cf2479c1b0beb60ef4cf3e07fa	brk/b8edeff485a3eb0870d3dabd696153b21ca409cf2479c1b0beb60ef4cf3e07fa.brk	round-trip-ok	TextBreakIteratorICU.h:56-67 via CachedLineBreakIteratorFactory (InlineItemsBuilder.cpp:950, TextUtil.cpp:384, InlineFormattingUtils.cpp:350, RenderText.cpp:1350)
line	zh-Hant	strict	zh-Hant@lb=strict	0	U_ZERO_ERROR	zh_Hant	zh_Hant	73312	4db5cefdd217b47a782a80c379ca73eded90c2ae471dada5a3f996eaa69310ee	brk/4db5cefdd217b47a782a80c379ca73eded90c2ae471dada5a3f996eaa69310ee.brk	round-trip-ok	TextBreakIteratorICU.h:56-67 via CachedLineBreakIteratorFactory (InlineItemsBuilder.cpp:950, TextUtil.cpp:384, InlineFormattingUtils.cpp:350, RenderText.cpp:1350)
line	zh-hant	default	zh-hant	0	U_ZERO_ERROR	zh_Hant	zh_Hant	73312	4db5cefdd217b47a782a80c379ca73eded90c2ae471dada5a3f996eaa69310ee	brk/4db5cefdd217b47a782a80c379ca73eded90c2ae471dada5a3f996eaa69310ee.brk	round-trip-ok	TextBreakIteratorICU.h:56-67 via CachedLineBreakIteratorFactory (InlineItemsBuilder.cpp:950, TextUtil.cpp:384, InlineFormattingUtils.cpp:350, RenderText.cpp:1350)
line	zh-hant	loose	zh-hant@lb=loose	0	U_ZERO_ERROR	zh_Hant	zh_Hant	80096	96cd0d88bd072398370d9c580c017c98f8c1867d557dd9f85bfaeb10ddcc537e	brk/96cd0d88bd072398370d9c580c017c98f8c1867d557dd9f85bfaeb10ddcc537e.brk	round-trip-ok	TextBreakIteratorICU.h:56-67 via CachedLineBreakIteratorFactory (InlineItemsBuilder.cpp:950, TextUtil.cpp:384, InlineFormattingUtils.cpp:350, RenderText.cpp:1350)
line	zh-hant	normal	zh-hant@lb=normal	0	U_ZERO_ERROR	zh_Hant	zh_Hant	74264	b8edeff485a3eb0870d3dabd696153b21ca409cf2479c1b0beb60ef4cf3e07fa	brk/b8edeff485a3eb0870d3dabd696153b21ca409cf2479c1b0beb60ef4cf3e07fa.brk	round-trip-ok	TextBreakIteratorICU.h:56-67 via CachedLineBreakIteratorFactory (InlineItemsBuilder.cpp:950, TextUtil.cpp:384, InlineFormattingUtils.cpp:350, RenderText.cpp:1350)
line	zh-hant	strict	zh-hant@lb=strict	0	U_ZERO_ERROR	zh_Hant	zh_Hant	73312	4db5cefdd217b47a782a80c379ca73eded90c2ae471dada5a3f996eaa69310ee	brk/4db5cefdd217b47a782a80c379ca73eded90c2ae471dada5a3f996eaa69310ee.brk	round-trip-ok	TextBreakIteratorICU.h:56-67 via CachedLineBreakIteratorFactory (InlineItemsBuilder.cpp:950, TextUtil.cpp:384, InlineFormattingUtils.cpp:350, RenderText.cpp:1350)
line	zh-TW	default	zh-TW	0	U_USING_FALLBACK_WARNING	zh_Hant	zh_Hant	73312	4db5cefdd217b47a782a80c379ca73eded90c2ae471dada5a3f996eaa69310ee	brk/4db5cefdd217b47a782a80c379ca73eded90c2ae471dada5a3f996eaa69310ee.brk	round-trip-ok	TextBreakIteratorICU.h:56-67 via CachedLineBreakIteratorFactory (InlineItemsBuilder.cpp:950, TextUtil.cpp:384, InlineFormattingUtils.cpp:350, RenderText.cpp:1350)
line	zh-TW	loose	zh-TW@lb=loose	0	U_USING_FALLBACK_WARNING	zh_Hant	zh_Hant	80096	96cd0d88bd072398370d9c580c017c98f8c1867d557dd9f85bfaeb10ddcc537e	brk/96cd0d88bd072398370d9c580c017c98f8c1867d557dd9f85bfaeb10ddcc537e.brk	round-trip-ok	TextBreakIteratorICU.h:56-67 via CachedLineBreakIteratorFactory (InlineItemsBuilder.cpp:950, TextUtil.cpp:384, InlineFormattingUtils.cpp:350, RenderText.cpp:1350)
line	zh-TW	normal	zh-TW@lb=normal	0	U_USING_FALLBACK_WARNING	zh_Hant	zh_Hant	74264	b8edeff485a3eb0870d3dabd696153b21ca409cf2479c1b0beb60ef4cf3e07fa	brk/b8edeff485a3eb0870d3dabd696153b21ca409cf2479c1b0beb60ef4cf3e07fa.brk	round-trip-ok	TextBreakIteratorICU.h:56-67 via CachedLineBreakIteratorFactory (InlineItemsBuilder.cpp:950, TextUtil.cpp:384, InlineFormattingUtils.cpp:350, RenderText.cpp:1350)
line	zh-TW	strict	zh-TW@lb=strict	0	U_USING_FALLBACK_WARNING	zh_Hant	zh_Hant	73312	4db5cefdd217b47a782a80c379ca73eded90c2ae471dada5a3f996eaa69310ee	brk/4db5cefdd217b47a782a80c379ca73eded90c2ae471dada5a3f996eaa69310ee.brk	round-trip-ok	TextBreakIteratorICU.h:56-67 via CachedLineBreakIteratorFactory (InlineItemsBuilder.cpp:950, TextUtil.cpp:384, InlineFormattingUtils.cpp:350, RenderText.cpp:1350)
line	zh-HK	default	zh-HK	0	U_USING_FALLBACK_WARNING	zh_Hant	zh_Hant	73312	4db5cefdd217b47a782a80c379ca73eded90c2ae471dada5a3f996eaa69310ee	brk/4db5cefdd217b47a782a80c379ca73eded90c2ae471dada5a3f996eaa69310ee.brk	round-trip-ok	TextBreakIteratorICU.h:56-67 via CachedLineBreakIteratorFactory (InlineItemsBuilder.cpp:950, TextUtil.cpp:384, InlineFormattingUtils.cpp:350, RenderText.cpp:1350)
line	zh-HK	loose	zh-HK@lb=loose	0	U_USING_FALLBACK_WARNING	zh_Hant	zh_Hant	80096	96cd0d88bd072398370d9c580c017c98f8c1867d557dd9f85bfaeb10ddcc537e	brk/96cd0d88bd072398370d9c580c017c98f8c1867d557dd9f85bfaeb10ddcc537e.brk	round-trip-ok	TextBreakIteratorICU.h:56-67 via CachedLineBreakIteratorFactory (InlineItemsBuilder.cpp:950, TextUtil.cpp:384, InlineFormattingUtils.cpp:350, RenderText.cpp:1350)
line	zh-HK	normal	zh-HK@lb=normal	0	U_USING_FALLBACK_WARNING	zh_Hant	zh_Hant	74264	b8edeff485a3eb0870d3dabd696153b21ca409cf2479c1b0beb60ef4cf3e07fa	brk/b8edeff485a3eb0870d3dabd696153b21ca409cf2479c1b0beb60ef4cf3e07fa.brk	round-trip-ok	TextBreakIteratorICU.h:56-67 via CachedLineBreakIteratorFactory (InlineItemsBuilder.cpp:950, TextUtil.cpp:384, InlineFormattingUtils.cpp:350, RenderText.cpp:1350)
line	zh-HK	strict	zh-HK@lb=strict	0	U_USING_FALLBACK_WARNING	zh_Hant	zh_Hant	73312	4db5cefdd217b47a782a80c379ca73eded90c2ae471dada5a3f996eaa69310ee	brk/4db5cefdd217b47a782a80c379ca73eded90c2ae471dada5a3f996eaa69310ee.brk	round-trip-ok	TextBreakIteratorICU.h:56-67 via CachedLineBreakIteratorFactory (InlineItemsBuilder.cpp:950, TextUtil.cpp:384, InlineFormattingUtils.cpp:350, RenderText.cpp:1350)
line	zh-MO	default	zh-MO	0	U_USING_FALLBACK_WARNING	zh_Hant	zh_Hant	73312	4db5cefdd217b47a782a80c379ca73eded90c2ae471dada5a3f996eaa69310ee	brk/4db5cefdd217b47a782a80c379ca73eded90c2ae471dada5a3f996eaa69310ee.brk	round-trip-ok	TextBreakIteratorICU.h:56-67 via CachedLineBreakIteratorFactory (InlineItemsBuilder.cpp:950, TextUtil.cpp:384, InlineFormattingUtils.cpp:350, RenderText.cpp:1350)
line	zh-MO	loose	zh-MO@lb=loose	0	U_USING_FALLBACK_WARNING	zh_Hant	zh_Hant	80096	96cd0d88bd072398370d9c580c017c98f8c1867d557dd9f85bfaeb10ddcc537e	brk/96cd0d88bd072398370d9c580c017c98f8c1867d557dd9f85bfaeb10ddcc537e.brk	round-trip-ok	TextBreakIteratorICU.h:56-67 via CachedLineBreakIteratorFactory (InlineItemsBuilder.cpp:950, TextUtil.cpp:384, InlineFormattingUtils.cpp:350, RenderText.cpp:1350)
line	zh-MO	normal	zh-MO@lb=normal	0	U_USING_FALLBACK_WARNING	zh_Hant	zh_Hant	74264	b8edeff485a3eb0870d3dabd696153b21ca409cf2479c1b0beb60ef4cf3e07fa	brk/b8edeff485a3eb0870d3dabd696153b21ca409cf2479c1b0beb60ef4cf3e07fa.brk	round-trip-ok	TextBreakIteratorICU.h:56-67 via CachedLineBreakIteratorFactory (InlineItemsBuilder.cpp:950, TextUtil.cpp:384, InlineFormattingUtils.cpp:350, RenderText.cpp:1350)
line	zh-MO	strict	zh-MO@lb=strict	0	U_USING_FALLBACK_WARNING	zh_Hant	zh_Hant	73312	4db5cefdd217b47a782a80c379ca73eded90c2ae471dada5a3f996eaa69310ee	brk/4db5cefdd217b47a782a80c379ca73eded90c2ae471dada5a3f996eaa69310ee.brk	round-trip-ok	TextBreakIteratorICU.h:56-67 via CachedLineBreakIteratorFactory (InlineItemsBuilder.cpp:950, TextUtil.cpp:384, InlineFormattingUtils.cpp:350, RenderText.cpp:1350)
line	yue	default	yue	0	U_USING_DEFAULT_WARNING	root	root	73280	33394b0828a31413031e54db9f2a8accf776fe9529f2ecb7902974a795e1937b	brk/33394b0828a31413031e54db9f2a8accf776fe9529f2ecb7902974a795e1937b.brk	round-trip-ok	TextBreakIteratorICU.h:56-67 via CachedLineBreakIteratorFactory (InlineItemsBuilder.cpp:950, TextUtil.cpp:384, InlineFormattingUtils.cpp:350, RenderText.cpp:1350)
line	yue	loose	yue@lb=loose	0	U_USING_DEFAULT_WARNING	root	root	75432	3082ba71a14b908647417468307c32883f0ea4d3d5947b6a1e4840f9a053d8b9	brk/3082ba71a14b908647417468307c32883f0ea4d3d5947b6a1e4840f9a053d8b9.brk	round-trip-ok	TextBreakIteratorICU.h:56-67 via CachedLineBreakIteratorFactory (InlineItemsBuilder.cpp:950, TextUtil.cpp:384, InlineFormattingUtils.cpp:350, RenderText.cpp:1350)
line	yue	normal	yue@lb=normal	0	U_USING_DEFAULT_WARNING	root	root	73168	e0a181cf912e4caa81d80e053301b3b3ee7c1252339160ccae2bb9a659e24fbf	brk/e0a181cf912e4caa81d80e053301b3b3ee7c1252339160ccae2bb9a659e24fbf.brk	round-trip-ok	TextBreakIteratorICU.h:56-67 via CachedLineBreakIteratorFactory (InlineItemsBuilder.cpp:950, TextUtil.cpp:384, InlineFormattingUtils.cpp:350, RenderText.cpp:1350)
line	yue	strict	yue@lb=strict	0	U_USING_DEFAULT_WARNING	root	root	73280	33394b0828a31413031e54db9f2a8accf776fe9529f2ecb7902974a795e1937b	brk/33394b0828a31413031e54db9f2a8accf776fe9529f2ecb7902974a795e1937b.brk	round-trip-ok	TextBreakIteratorICU.h:56-67 via CachedLineBreakIteratorFactory (InlineItemsBuilder.cpp:950, TextUtil.cpp:384, InlineFormattingUtils.cpp:350, RenderText.cpp:1350)
line	yue-Hant	default	yue-Hant	0	U_USING_DEFAULT_WARNING	root	root	73280	33394b0828a31413031e54db9f2a8accf776fe9529f2ecb7902974a795e1937b	brk/33394b0828a31413031e54db9f2a8accf776fe9529f2ecb7902974a795e1937b.brk	round-trip-ok	TextBreakIteratorICU.h:56-67 via CachedLineBreakIteratorFactory (InlineItemsBuilder.cpp:950, TextUtil.cpp:384, InlineFormattingUtils.cpp:350, RenderText.cpp:1350)
line	yue-Hant	loose	yue-Hant@lb=loose	0	U_USING_DEFAULT_WARNING	root	root	75432	3082ba71a14b908647417468307c32883f0ea4d3d5947b6a1e4840f9a053d8b9	brk/3082ba71a14b908647417468307c32883f0ea4d3d5947b6a1e4840f9a053d8b9.brk	round-trip-ok	TextBreakIteratorICU.h:56-67 via CachedLineBreakIteratorFactory (InlineItemsBuilder.cpp:950, TextUtil.cpp:384, InlineFormattingUtils.cpp:350, RenderText.cpp:1350)
line	yue-Hant	normal	yue-Hant@lb=normal	0	U_USING_DEFAULT_WARNING	root	root	73168	e0a181cf912e4caa81d80e053301b3b3ee7c1252339160ccae2bb9a659e24fbf	brk/e0a181cf912e4caa81d80e053301b3b3ee7c1252339160ccae2bb9a659e24fbf.brk	round-trip-ok	TextBreakIteratorICU.h:56-67 via CachedLineBreakIteratorFactory (InlineItemsBuilder.cpp:950, TextUtil.cpp:384, InlineFormattingUtils.cpp:350, RenderText.cpp:1350)
line	yue-Hant	strict	yue-Hant@lb=strict	0	U_USING_DEFAULT_WARNING	root	root	73280	33394b0828a31413031e54db9f2a8accf776fe9529f2ecb7902974a795e1937b	brk/33394b0828a31413031e54db9f2a8accf776fe9529f2ecb7902974a795e1937b.brk	round-trip-ok	TextBreakIteratorICU.h:56-67 via CachedLineBreakIteratorFactory (InlineItemsBuilder.cpp:950, TextUtil.cpp:384, InlineFormattingUtils.cpp:350, RenderText.cpp:1350)
line	th	default	th	0	U_USING_DEFAULT_WARNING	root	root	73280	33394b0828a31413031e54db9f2a8accf776fe9529f2ecb7902974a795e1937b	brk/33394b0828a31413031e54db9f2a8accf776fe9529f2ecb7902974a795e1937b.brk	round-trip-ok	TextBreakIteratorICU.h:56-67 via CachedLineBreakIteratorFactory (InlineItemsBuilder.cpp:950, TextUtil.cpp:384, InlineFormattingUtils.cpp:350, RenderText.cpp:1350)
line	th	loose	th@lb=loose	0	U_USING_DEFAULT_WARNING	root	root	75432	3082ba71a14b908647417468307c32883f0ea4d3d5947b6a1e4840f9a053d8b9	brk/3082ba71a14b908647417468307c32883f0ea4d3d5947b6a1e4840f9a053d8b9.brk	round-trip-ok	TextBreakIteratorICU.h:56-67 via CachedLineBreakIteratorFactory (InlineItemsBuilder.cpp:950, TextUtil.cpp:384, InlineFormattingUtils.cpp:350, RenderText.cpp:1350)
line	th	normal	th@lb=normal	0	U_USING_DEFAULT_WARNING	root	root	73168	e0a181cf912e4caa81d80e053301b3b3ee7c1252339160ccae2bb9a659e24fbf	brk/e0a181cf912e4caa81d80e053301b3b3ee7c1252339160ccae2bb9a659e24fbf.brk	round-trip-ok	TextBreakIteratorICU.h:56-67 via CachedLineBreakIteratorFactory (InlineItemsBuilder.cpp:950, TextUtil.cpp:384, InlineFormattingUtils.cpp:350, RenderText.cpp:1350)
line	th	strict	th@lb=strict	0	U_USING_DEFAULT_WARNING	root	root	73280	33394b0828a31413031e54db9f2a8accf776fe9529f2ecb7902974a795e1937b	brk/33394b0828a31413031e54db9f2a8accf776fe9529f2ecb7902974a795e1937b.brk	round-trip-ok	TextBreakIteratorICU.h:56-67 via CachedLineBreakIteratorFactory (InlineItemsBuilder.cpp:950, TextUtil.cpp:384, InlineFormattingUtils.cpp:350, RenderText.cpp:1350)
line	lo	default	lo	0	U_USING_DEFAULT_WARNING	root	root	73280	33394b0828a31413031e54db9f2a8accf776fe9529f2ecb7902974a795e1937b	brk/33394b0828a31413031e54db9f2a8accf776fe9529f2ecb7902974a795e1937b.brk	round-trip-ok	TextBreakIteratorICU.h:56-67 via CachedLineBreakIteratorFactory (InlineItemsBuilder.cpp:950, TextUtil.cpp:384, InlineFormattingUtils.cpp:350, RenderText.cpp:1350)
line	lo	loose	lo@lb=loose	0	U_USING_DEFAULT_WARNING	root	root	75432	3082ba71a14b908647417468307c32883f0ea4d3d5947b6a1e4840f9a053d8b9	brk/3082ba71a14b908647417468307c32883f0ea4d3d5947b6a1e4840f9a053d8b9.brk	round-trip-ok	TextBreakIteratorICU.h:56-67 via CachedLineBreakIteratorFactory (InlineItemsBuilder.cpp:950, TextUtil.cpp:384, InlineFormattingUtils.cpp:350, RenderText.cpp:1350)
line	lo	normal	lo@lb=normal	0	U_USING_DEFAULT_WARNING	root	root	73168	e0a181cf912e4caa81d80e053301b3b3ee7c1252339160ccae2bb9a659e24fbf	brk/e0a181cf912e4caa81d80e053301b3b3ee7c1252339160ccae2bb9a659e24fbf.brk	round-trip-ok	TextBreakIteratorICU.h:56-67 via CachedLineBreakIteratorFactory (InlineItemsBuilder.cpp:950, TextUtil.cpp:384, InlineFormattingUtils.cpp:350, RenderText.cpp:1350)
line	lo	strict	lo@lb=strict	0	U_USING_DEFAULT_WARNING	root	root	73280	33394b0828a31413031e54db9f2a8accf776fe9529f2ecb7902974a795e1937b	brk/33394b0828a31413031e54db9f2a8accf776fe9529f2ecb7902974a795e1937b.brk	round-trip-ok	TextBreakIteratorICU.h:56-67 via CachedLineBreakIteratorFactory (InlineItemsBuilder.cpp:950, TextUtil.cpp:384, InlineFormattingUtils.cpp:350, RenderText.cpp:1350)
line	km	default	km	0	U_USING_DEFAULT_WARNING	root	root	73280	33394b0828a31413031e54db9f2a8accf776fe9529f2ecb7902974a795e1937b	brk/33394b0828a31413031e54db9f2a8accf776fe9529f2ecb7902974a795e1937b.brk	round-trip-ok	TextBreakIteratorICU.h:56-67 via CachedLineBreakIteratorFactory (InlineItemsBuilder.cpp:950, TextUtil.cpp:384, InlineFormattingUtils.cpp:350, RenderText.cpp:1350)
line	km	loose	km@lb=loose	0	U_USING_DEFAULT_WARNING	root	root	75432	3082ba71a14b908647417468307c32883f0ea4d3d5947b6a1e4840f9a053d8b9	brk/3082ba71a14b908647417468307c32883f0ea4d3d5947b6a1e4840f9a053d8b9.brk	round-trip-ok	TextBreakIteratorICU.h:56-67 via CachedLineBreakIteratorFactory (InlineItemsBuilder.cpp:950, TextUtil.cpp:384, InlineFormattingUtils.cpp:350, RenderText.cpp:1350)
line	km	normal	km@lb=normal	0	U_USING_DEFAULT_WARNING	root	root	73168	e0a181cf912e4caa81d80e053301b3b3ee7c1252339160ccae2bb9a659e24fbf	brk/e0a181cf912e4caa81d80e053301b3b3ee7c1252339160ccae2bb9a659e24fbf.brk	round-trip-ok	TextBreakIteratorICU.h:56-67 via CachedLineBreakIteratorFactory (InlineItemsBuilder.cpp:950, TextUtil.cpp:384, InlineFormattingUtils.cpp:350, RenderText.cpp:1350)
line	km	strict	km@lb=strict	0	U_USING_DEFAULT_WARNING	root	root	73280	33394b0828a31413031e54db9f2a8accf776fe9529f2ecb7902974a795e1937b	brk/33394b0828a31413031e54db9f2a8accf776fe9529f2ecb7902974a795e1937b.brk	round-trip-ok	TextBreakIteratorICU.h:56-67 via CachedLineBreakIteratorFactory (InlineItemsBuilder.cpp:950, TextUtil.cpp:384, InlineFormattingUtils.cpp:350, RenderText.cpp:1350)
line	my	default	my	0	U_USING_DEFAULT_WARNING	root	root	73280	33394b0828a31413031e54db9f2a8accf776fe9529f2ecb7902974a795e1937b	brk/33394b0828a31413031e54db9f2a8accf776fe9529f2ecb7902974a795e1937b.brk	round-trip-ok	TextBreakIteratorICU.h:56-67 via CachedLineBreakIteratorFactory (InlineItemsBuilder.cpp:950, TextUtil.cpp:384, InlineFormattingUtils.cpp:350, RenderText.cpp:1350)
line	my	loose	my@lb=loose	0	U_USING_DEFAULT_WARNING	root	root	75432	3082ba71a14b908647417468307c32883f0ea4d3d5947b6a1e4840f9a053d8b9	brk/3082ba71a14b908647417468307c32883f0ea4d3d5947b6a1e4840f9a053d8b9.brk	round-trip-ok	TextBreakIteratorICU.h:56-67 via CachedLineBreakIteratorFactory (InlineItemsBuilder.cpp:950, TextUtil.cpp:384, InlineFormattingUtils.cpp:350, RenderText.cpp:1350)
line	my	normal	my@lb=normal	0	U_USING_DEFAULT_WARNING	root	root	73168	e0a181cf912e4caa81d80e053301b3b3ee7c1252339160ccae2bb9a659e24fbf	brk/e0a181cf912e4caa81d80e053301b3b3ee7c1252339160ccae2bb9a659e24fbf.brk	round-trip-ok	TextBreakIteratorICU.h:56-67 via CachedLineBreakIteratorFactory (InlineItemsBuilder.cpp:950, TextUtil.cpp:384, InlineFormattingUtils.cpp:350, RenderText.cpp:1350)
line	my	strict	my@lb=strict	0	U_USING_DEFAULT_WARNING	root	root	73280	33394b0828a31413031e54db9f2a8accf776fe9529f2ecb7902974a795e1937b	brk/33394b0828a31413031e54db9f2a8accf776fe9529f2ecb7902974a795e1937b.brk	round-trip-ok	TextBreakIteratorICU.h:56-67 via CachedLineBreakIteratorFactory (InlineItemsBuilder.cpp:950, TextUtil.cpp:384, InlineFormattingUtils.cpp:350, RenderText.cpp:1350)
line	bo	default	bo	0	U_USING_DEFAULT_WARNING	root	root	73280	33394b0828a31413031e54db9f2a8accf776fe9529f2ecb7902974a795e1937b	brk/33394b0828a31413031e54db9f2a8accf776fe9529f2ecb7902974a795e1937b.brk	round-trip-ok	TextBreakIteratorICU.h:56-67 via CachedLineBreakIteratorFactory (InlineItemsBuilder.cpp:950, TextUtil.cpp:384, InlineFormattingUtils.cpp:350, RenderText.cpp:1350)
line	bo	loose	bo@lb=loose	0	U_USING_DEFAULT_WARNING	root	root	75432	3082ba71a14b908647417468307c32883f0ea4d3d5947b6a1e4840f9a053d8b9	brk/3082ba71a14b908647417468307c32883f0ea4d3d5947b6a1e4840f9a053d8b9.brk	round-trip-ok	TextBreakIteratorICU.h:56-67 via CachedLineBreakIteratorFactory (InlineItemsBuilder.cpp:950, TextUtil.cpp:384, InlineFormattingUtils.cpp:350, RenderText.cpp:1350)
line	bo	normal	bo@lb=normal	0	U_USING_DEFAULT_WARNING	root	root	73168	e0a181cf912e4caa81d80e053301b3b3ee7c1252339160ccae2bb9a659e24fbf	brk/e0a181cf912e4caa81d80e053301b3b3ee7c1252339160ccae2bb9a659e24fbf.brk	round-trip-ok	TextBreakIteratorICU.h:56-67 via CachedLineBreakIteratorFactory (InlineItemsBuilder.cpp:950, TextUtil.cpp:384, InlineFormattingUtils.cpp:350, RenderText.cpp:1350)
line	bo	strict	bo@lb=strict	0	U_USING_DEFAULT_WARNING	root	root	73280	33394b0828a31413031e54db9f2a8accf776fe9529f2ecb7902974a795e1937b	brk/33394b0828a31413031e54db9f2a8accf776fe9529f2ecb7902974a795e1937b.brk	round-trip-ok	TextBreakIteratorICU.h:56-67 via CachedLineBreakIteratorFactory (InlineItemsBuilder.cpp:950, TextUtil.cpp:384, InlineFormattingUtils.cpp:350, RenderText.cpp:1350)
line	he	default	he	0	U_USING_DEFAULT_WARNING	root	root	73280	33394b0828a31413031e54db9f2a8accf776fe9529f2ecb7902974a795e1937b	brk/33394b0828a31413031e54db9f2a8accf776fe9529f2ecb7902974a795e1937b.brk	round-trip-ok	TextBreakIteratorICU.h:56-67 via CachedLineBreakIteratorFactory (InlineItemsBuilder.cpp:950, TextUtil.cpp:384, InlineFormattingUtils.cpp:350, RenderText.cpp:1350)
line	he	loose	he@lb=loose	0	U_USING_DEFAULT_WARNING	root	root	75432	3082ba71a14b908647417468307c32883f0ea4d3d5947b6a1e4840f9a053d8b9	brk/3082ba71a14b908647417468307c32883f0ea4d3d5947b6a1e4840f9a053d8b9.brk	round-trip-ok	TextBreakIteratorICU.h:56-67 via CachedLineBreakIteratorFactory (InlineItemsBuilder.cpp:950, TextUtil.cpp:384, InlineFormattingUtils.cpp:350, RenderText.cpp:1350)
line	he	normal	he@lb=normal	0	U_USING_DEFAULT_WARNING	root	root	73168	e0a181cf912e4caa81d80e053301b3b3ee7c1252339160ccae2bb9a659e24fbf	brk/e0a181cf912e4caa81d80e053301b3b3ee7c1252339160ccae2bb9a659e24fbf.brk	round-trip-ok	TextBreakIteratorICU.h:56-67 via CachedLineBreakIteratorFactory (InlineItemsBuilder.cpp:950, TextUtil.cpp:384, InlineFormattingUtils.cpp:350, RenderText.cpp:1350)
line	he	strict	he@lb=strict	0	U_USING_DEFAULT_WARNING	root	root	73280	33394b0828a31413031e54db9f2a8accf776fe9529f2ecb7902974a795e1937b	brk/33394b0828a31413031e54db9f2a8accf776fe9529f2ecb7902974a795e1937b.brk	round-trip-ok	TextBreakIteratorICU.h:56-67 via CachedLineBreakIteratorFactory (InlineItemsBuilder.cpp:950, TextUtil.cpp:384, InlineFormattingUtils.cpp:350, RenderText.cpp:1350)
line	ar	default	ar	0	U_USING_DEFAULT_WARNING	root	root	73280	33394b0828a31413031e54db9f2a8accf776fe9529f2ecb7902974a795e1937b	brk/33394b0828a31413031e54db9f2a8accf776fe9529f2ecb7902974a795e1937b.brk	round-trip-ok	TextBreakIteratorICU.h:56-67 via CachedLineBreakIteratorFactory (InlineItemsBuilder.cpp:950, TextUtil.cpp:384, InlineFormattingUtils.cpp:350, RenderText.cpp:1350)
line	ar	loose	ar@lb=loose	0	U_USING_DEFAULT_WARNING	root	root	75432	3082ba71a14b908647417468307c32883f0ea4d3d5947b6a1e4840f9a053d8b9	brk/3082ba71a14b908647417468307c32883f0ea4d3d5947b6a1e4840f9a053d8b9.brk	round-trip-ok	TextBreakIteratorICU.h:56-67 via CachedLineBreakIteratorFactory (InlineItemsBuilder.cpp:950, TextUtil.cpp:384, InlineFormattingUtils.cpp:350, RenderText.cpp:1350)
line	ar	normal	ar@lb=normal	0	U_USING_DEFAULT_WARNING	root	root	73168	e0a181cf912e4caa81d80e053301b3b3ee7c1252339160ccae2bb9a659e24fbf	brk/e0a181cf912e4caa81d80e053301b3b3ee7c1252339160ccae2bb9a659e24fbf.brk	round-trip-ok	TextBreakIteratorICU.h:56-67 via CachedLineBreakIteratorFactory (InlineItemsBuilder.cpp:950, TextUtil.cpp:384, InlineFormattingUtils.cpp:350, RenderText.cpp:1350)
line	ar	strict	ar@lb=strict	0	U_USING_DEFAULT_WARNING	root	root	73280	33394b0828a31413031e54db9f2a8accf776fe9529f2ecb7902974a795e1937b	brk/33394b0828a31413031e54db9f2a8accf776fe9529f2ecb7902974a795e1937b.brk	round-trip-ok	TextBreakIteratorICU.h:56-67 via CachedLineBreakIteratorFactory (InlineItemsBuilder.cpp:950, TextUtil.cpp:384, InlineFormattingUtils.cpp:350, RenderText.cpp:1350)
line	fa	default	fa	0	U_USING_DEFAULT_WARNING	root	root	73280	33394b0828a31413031e54db9f2a8accf776fe9529f2ecb7902974a795e1937b	brk/33394b0828a31413031e54db9f2a8accf776fe9529f2ecb7902974a795e1937b.brk	round-trip-ok	TextBreakIteratorICU.h:56-67 via CachedLineBreakIteratorFactory (InlineItemsBuilder.cpp:950, TextUtil.cpp:384, InlineFormattingUtils.cpp:350, RenderText.cpp:1350)
line	fa	loose	fa@lb=loose	0	U_USING_DEFAULT_WARNING	root	root	75432	3082ba71a14b908647417468307c32883f0ea4d3d5947b6a1e4840f9a053d8b9	brk/3082ba71a14b908647417468307c32883f0ea4d3d5947b6a1e4840f9a053d8b9.brk	round-trip-ok	TextBreakIteratorICU.h:56-67 via CachedLineBreakIteratorFactory (InlineItemsBuilder.cpp:950, TextUtil.cpp:384, InlineFormattingUtils.cpp:350, RenderText.cpp:1350)
line	fa	normal	fa@lb=normal	0	U_USING_DEFAULT_WARNING	root	root	73168	e0a181cf912e4caa81d80e053301b3b3ee7c1252339160ccae2bb9a659e24fbf	brk/e0a181cf912e4caa81d80e053301b3b3ee7c1252339160ccae2bb9a659e24fbf.brk	round-trip-ok	TextBreakIteratorICU.h:56-67 via CachedLineBreakIteratorFactory (InlineItemsBuilder.cpp:950, TextUtil.cpp:384, InlineFormattingUtils.cpp:350, RenderText.cpp:1350)
line	fa	strict	fa@lb=strict	0	U_USING_DEFAULT_WARNING	root	root	73280	33394b0828a31413031e54db9f2a8accf776fe9529f2ecb7902974a795e1937b	brk/33394b0828a31413031e54db9f2a8accf776fe9529f2ecb7902974a795e1937b.brk	round-trip-ok	TextBreakIteratorICU.h:56-67 via CachedLineBreakIteratorFactory (InlineItemsBuilder.cpp:950, TextUtil.cpp:384, InlineFormattingUtils.cpp:350, RenderText.cpp:1350)
line	ur	default	ur	0	U_USING_DEFAULT_WARNING	root	root	73280	33394b0828a31413031e54db9f2a8accf776fe9529f2ecb7902974a795e1937b	brk/33394b0828a31413031e54db9f2a8accf776fe9529f2ecb7902974a795e1937b.brk	round-trip-ok	TextBreakIteratorICU.h:56-67 via CachedLineBreakIteratorFactory (InlineItemsBuilder.cpp:950, TextUtil.cpp:384, InlineFormattingUtils.cpp:350, RenderText.cpp:1350)
line	ur	loose	ur@lb=loose	0	U_USING_DEFAULT_WARNING	root	root	75432	3082ba71a14b908647417468307c32883f0ea4d3d5947b6a1e4840f9a053d8b9	brk/3082ba71a14b908647417468307c32883f0ea4d3d5947b6a1e4840f9a053d8b9.brk	round-trip-ok	TextBreakIteratorICU.h:56-67 via CachedLineBreakIteratorFactory (InlineItemsBuilder.cpp:950, TextUtil.cpp:384, InlineFormattingUtils.cpp:350, RenderText.cpp:1350)
line	ur	normal	ur@lb=normal	0	U_USING_DEFAULT_WARNING	root	root	73168	e0a181cf912e4caa81d80e053301b3b3ee7c1252339160ccae2bb9a659e24fbf	brk/e0a181cf912e4caa81d80e053301b3b3ee7c1252339160ccae2bb9a659e24fbf.brk	round-trip-ok	TextBreakIteratorICU.h:56-67 via CachedLineBreakIteratorFactory (InlineItemsBuilder.cpp:950, TextUtil.cpp:384, InlineFormattingUtils.cpp:350, RenderText.cpp:1350)
line	ur	strict	ur@lb=strict	0	U_USING_DEFAULT_WARNING	root	root	73280	33394b0828a31413031e54db9f2a8accf776fe9529f2ecb7902974a795e1937b	brk/33394b0828a31413031e54db9f2a8accf776fe9529f2ecb7902974a795e1937b.brk	round-trip-ok	TextBreakIteratorICU.h:56-67 via CachedLineBreakIteratorFactory (InlineItemsBuilder.cpp:950, TextUtil.cpp:384, InlineFormattingUtils.cpp:350, RenderText.cpp:1350)
line	hi	default	hi	0	U_USING_DEFAULT_WARNING	root	root	73280	33394b0828a31413031e54db9f2a8accf776fe9529f2ecb7902974a795e1937b	brk/33394b0828a31413031e54db9f2a8accf776fe9529f2ecb7902974a795e1937b.brk	round-trip-ok	TextBreakIteratorICU.h:56-67 via CachedLineBreakIteratorFactory (InlineItemsBuilder.cpp:950, TextUtil.cpp:384, InlineFormattingUtils.cpp:350, RenderText.cpp:1350)
line	hi	loose	hi@lb=loose	0	U_USING_DEFAULT_WARNING	root	root	75432	3082ba71a14b908647417468307c32883f0ea4d3d5947b6a1e4840f9a053d8b9	brk/3082ba71a14b908647417468307c32883f0ea4d3d5947b6a1e4840f9a053d8b9.brk	round-trip-ok	TextBreakIteratorICU.h:56-67 via CachedLineBreakIteratorFactory (InlineItemsBuilder.cpp:950, TextUtil.cpp:384, InlineFormattingUtils.cpp:350, RenderText.cpp:1350)
line	hi	normal	hi@lb=normal	0	U_USING_DEFAULT_WARNING	root	root	73168	e0a181cf912e4caa81d80e053301b3b3ee7c1252339160ccae2bb9a659e24fbf	brk/e0a181cf912e4caa81d80e053301b3b3ee7c1252339160ccae2bb9a659e24fbf.brk	round-trip-ok	TextBreakIteratorICU.h:56-67 via CachedLineBreakIteratorFactory (InlineItemsBuilder.cpp:950, TextUtil.cpp:384, InlineFormattingUtils.cpp:350, RenderText.cpp:1350)
line	hi	strict	hi@lb=strict	0	U_USING_DEFAULT_WARNING	root	root	73280	33394b0828a31413031e54db9f2a8accf776fe9529f2ecb7902974a795e1937b	brk/33394b0828a31413031e54db9f2a8accf776fe9529f2ecb7902974a795e1937b.brk	round-trip-ok	TextBreakIteratorICU.h:56-67 via CachedLineBreakIteratorFactory (InlineItemsBuilder.cpp:950, TextUtil.cpp:384, InlineFormattingUtils.cpp:350, RenderText.cpp:1350)
line	bn	default	bn	0	U_USING_DEFAULT_WARNING	root	root	73280	33394b0828a31413031e54db9f2a8accf776fe9529f2ecb7902974a795e1937b	brk/33394b0828a31413031e54db9f2a8accf776fe9529f2ecb7902974a795e1937b.brk	round-trip-ok	TextBreakIteratorICU.h:56-67 via CachedLineBreakIteratorFactory (InlineItemsBuilder.cpp:950, TextUtil.cpp:384, InlineFormattingUtils.cpp:350, RenderText.cpp:1350)
line	bn	loose	bn@lb=loose	0	U_USING_DEFAULT_WARNING	root	root	75432	3082ba71a14b908647417468307c32883f0ea4d3d5947b6a1e4840f9a053d8b9	brk/3082ba71a14b908647417468307c32883f0ea4d3d5947b6a1e4840f9a053d8b9.brk	round-trip-ok	TextBreakIteratorICU.h:56-67 via CachedLineBreakIteratorFactory (InlineItemsBuilder.cpp:950, TextUtil.cpp:384, InlineFormattingUtils.cpp:350, RenderText.cpp:1350)
line	bn	normal	bn@lb=normal	0	U_USING_DEFAULT_WARNING	root	root	73168	e0a181cf912e4caa81d80e053301b3b3ee7c1252339160ccae2bb9a659e24fbf	brk/e0a181cf912e4caa81d80e053301b3b3ee7c1252339160ccae2bb9a659e24fbf.brk	round-trip-ok	TextBreakIteratorICU.h:56-67 via CachedLineBreakIteratorFactory (InlineItemsBuilder.cpp:950, TextUtil.cpp:384, InlineFormattingUtils.cpp:350, RenderText.cpp:1350)
line	bn	strict	bn@lb=strict	0	U_USING_DEFAULT_WARNING	root	root	73280	33394b0828a31413031e54db9f2a8accf776fe9529f2ecb7902974a795e1937b	brk/33394b0828a31413031e54db9f2a8accf776fe9529f2ecb7902974a795e1937b.brk	round-trip-ok	TextBreakIteratorICU.h:56-67 via CachedLineBreakIteratorFactory (InlineItemsBuilder.cpp:950, TextUtil.cpp:384, InlineFormattingUtils.cpp:350, RenderText.cpp:1350)
line	ta	default	ta	0	U_USING_DEFAULT_WARNING	root	root	73280	33394b0828a31413031e54db9f2a8accf776fe9529f2ecb7902974a795e1937b	brk/33394b0828a31413031e54db9f2a8accf776fe9529f2ecb7902974a795e1937b.brk	round-trip-ok	TextBreakIteratorICU.h:56-67 via CachedLineBreakIteratorFactory (InlineItemsBuilder.cpp:950, TextUtil.cpp:384, InlineFormattingUtils.cpp:350, RenderText.cpp:1350)
line	ta	loose	ta@lb=loose	0	U_USING_DEFAULT_WARNING	root	root	75432	3082ba71a14b908647417468307c32883f0ea4d3d5947b6a1e4840f9a053d8b9	brk/3082ba71a14b908647417468307c32883f0ea4d3d5947b6a1e4840f9a053d8b9.brk	round-trip-ok	TextBreakIteratorICU.h:56-67 via CachedLineBreakIteratorFactory (InlineItemsBuilder.cpp:950, TextUtil.cpp:384, InlineFormattingUtils.cpp:350, RenderText.cpp:1350)
line	ta	normal	ta@lb=normal	0	U_USING_DEFAULT_WARNING	root	root	73168	e0a181cf912e4caa81d80e053301b3b3ee7c1252339160ccae2bb9a659e24fbf	brk/e0a181cf912e4caa81d80e053301b3b3ee7c1252339160ccae2bb9a659e24fbf.brk	round-trip-ok	TextBreakIteratorICU.h:56-67 via CachedLineBreakIteratorFactory (InlineItemsBuilder.cpp:950, TextUtil.cpp:384, InlineFormattingUtils.cpp:350, RenderText.cpp:1350)
line	ta	strict	ta@lb=strict	0	U_USING_DEFAULT_WARNING	root	root	73280	33394b0828a31413031e54db9f2a8accf776fe9529f2ecb7902974a795e1937b	brk/33394b0828a31413031e54db9f2a8accf776fe9529f2ecb7902974a795e1937b.brk	round-trip-ok	TextBreakIteratorICU.h:56-67 via CachedLineBreakIteratorFactory (InlineItemsBuilder.cpp:950, TextUtil.cpp:384, InlineFormattingUtils.cpp:350, RenderText.cpp:1350)
line	vi	default	vi	0	U_USING_DEFAULT_WARNING	root	root	73280	33394b0828a31413031e54db9f2a8accf776fe9529f2ecb7902974a795e1937b	brk/33394b0828a31413031e54db9f2a8accf776fe9529f2ecb7902974a795e1937b.brk	round-trip-ok	TextBreakIteratorICU.h:56-67 via CachedLineBreakIteratorFactory (InlineItemsBuilder.cpp:950, TextUtil.cpp:384, InlineFormattingUtils.cpp:350, RenderText.cpp:1350)
line	vi	loose	vi@lb=loose	0	U_USING_DEFAULT_WARNING	root	root	75432	3082ba71a14b908647417468307c32883f0ea4d3d5947b6a1e4840f9a053d8b9	brk/3082ba71a14b908647417468307c32883f0ea4d3d5947b6a1e4840f9a053d8b9.brk	round-trip-ok	TextBreakIteratorICU.h:56-67 via CachedLineBreakIteratorFactory (InlineItemsBuilder.cpp:950, TextUtil.cpp:384, InlineFormattingUtils.cpp:350, RenderText.cpp:1350)
line	vi	normal	vi@lb=normal	0	U_USING_DEFAULT_WARNING	root	root	73168	e0a181cf912e4caa81d80e053301b3b3ee7c1252339160ccae2bb9a659e24fbf	brk/e0a181cf912e4caa81d80e053301b3b3ee7c1252339160ccae2bb9a659e24fbf.brk	round-trip-ok	TextBreakIteratorICU.h:56-67 via CachedLineBreakIteratorFactory (InlineItemsBuilder.cpp:950, TextUtil.cpp:384, InlineFormattingUtils.cpp:350, RenderText.cpp:1350)
line	vi	strict	vi@lb=strict	0	U_USING_DEFAULT_WARNING	root	root	73280	33394b0828a31413031e54db9f2a8accf776fe9529f2ecb7902974a795e1937b	brk/33394b0828a31413031e54db9f2a8accf776fe9529f2ecb7902974a795e1937b.brk	round-trip-ok	TextBreakIteratorICU.h:56-67 via CachedLineBreakIteratorFactory (InlineItemsBuilder.cpp:950, TextUtil.cpp:384, InlineFormattingUtils.cpp:350, RenderText.cpp:1350)
line	id	default	id	0	U_USING_DEFAULT_WARNING	root	root	73280	33394b0828a31413031e54db9f2a8accf776fe9529f2ecb7902974a795e1937b	brk/33394b0828a31413031e54db9f2a8accf776fe9529f2ecb7902974a795e1937b.brk	round-trip-ok	TextBreakIteratorICU.h:56-67 via CachedLineBreakIteratorFactory (InlineItemsBuilder.cpp:950, TextUtil.cpp:384, InlineFormattingUtils.cpp:350, RenderText.cpp:1350)
line	id	loose	id@lb=loose	0	U_USING_DEFAULT_WARNING	root	root	75432	3082ba71a14b908647417468307c32883f0ea4d3d5947b6a1e4840f9a053d8b9	brk/3082ba71a14b908647417468307c32883f0ea4d3d5947b6a1e4840f9a053d8b9.brk	round-trip-ok	TextBreakIteratorICU.h:56-67 via CachedLineBreakIteratorFactory (InlineItemsBuilder.cpp:950, TextUtil.cpp:384, InlineFormattingUtils.cpp:350, RenderText.cpp:1350)
line	id	normal	id@lb=normal	0	U_USING_DEFAULT_WARNING	root	root	73168	e0a181cf912e4caa81d80e053301b3b3ee7c1252339160ccae2bb9a659e24fbf	brk/e0a181cf912e4caa81d80e053301b3b3ee7c1252339160ccae2bb9a659e24fbf.brk	round-trip-ok	TextBreakIteratorICU.h:56-67 via CachedLineBreakIteratorFactory (InlineItemsBuilder.cpp:950, TextUtil.cpp:384, InlineFormattingUtils.cpp:350, RenderText.cpp:1350)
line	id	strict	id@lb=strict	0	U_USING_DEFAULT_WARNING	root	root	73280	33394b0828a31413031e54db9f2a8accf776fe9529f2ecb7902974a795e1937b	brk/33394b0828a31413031e54db9f2a8accf776fe9529f2ecb7902974a795e1937b.brk	round-trip-ok	TextBreakIteratorICU.h:56-67 via CachedLineBreakIteratorFactory (InlineItemsBuilder.cpp:950, TextUtil.cpp:384, InlineFormattingUtils.cpp:350, RenderText.cpp:1350)
line	und	default	und	0	U_ZERO_ERROR	root	root	73280	33394b0828a31413031e54db9f2a8accf776fe9529f2ecb7902974a795e1937b	brk/33394b0828a31413031e54db9f2a8accf776fe9529f2ecb7902974a795e1937b.brk	round-trip-ok	TextBreakIteratorICU.h:56-67 via CachedLineBreakIteratorFactory (InlineItemsBuilder.cpp:950, TextUtil.cpp:384, InlineFormattingUtils.cpp:350, RenderText.cpp:1350)
line	und	loose	und@lb=loose	0	U_ZERO_ERROR	root	root	75432	3082ba71a14b908647417468307c32883f0ea4d3d5947b6a1e4840f9a053d8b9	brk/3082ba71a14b908647417468307c32883f0ea4d3d5947b6a1e4840f9a053d8b9.brk	round-trip-ok	TextBreakIteratorICU.h:56-67 via CachedLineBreakIteratorFactory (InlineItemsBuilder.cpp:950, TextUtil.cpp:384, InlineFormattingUtils.cpp:350, RenderText.cpp:1350)
line	und	normal	und@lb=normal	0	U_ZERO_ERROR	root	root	73168	e0a181cf912e4caa81d80e053301b3b3ee7c1252339160ccae2bb9a659e24fbf	brk/e0a181cf912e4caa81d80e053301b3b3ee7c1252339160ccae2bb9a659e24fbf.brk	round-trip-ok	TextBreakIteratorICU.h:56-67 via CachedLineBreakIteratorFactory (InlineItemsBuilder.cpp:950, TextUtil.cpp:384, InlineFormattingUtils.cpp:350, RenderText.cpp:1350)
line	und	strict	und@lb=strict	0	U_ZERO_ERROR	root	root	73280	33394b0828a31413031e54db9f2a8accf776fe9529f2ecb7902974a795e1937b	brk/33394b0828a31413031e54db9f2a8accf776fe9529f2ecb7902974a795e1937b.brk	round-trip-ok	TextBreakIteratorICU.h:56-67 via CachedLineBreakIteratorFactory (InlineItemsBuilder.cpp:950, TextUtil.cpp:384, InlineFormattingUtils.cpp:350, RenderText.cpp:1350)
line	mul	default	mul	0	U_USING_DEFAULT_WARNING	root	root	73280	33394b0828a31413031e54db9f2a8accf776fe9529f2ecb7902974a795e1937b	brk/33394b0828a31413031e54db9f2a8accf776fe9529f2ecb7902974a795e1937b.brk	round-trip-ok	TextBreakIteratorICU.h:56-67 via CachedLineBreakIteratorFactory (InlineItemsBuilder.cpp:950, TextUtil.cpp:384, InlineFormattingUtils.cpp:350, RenderText.cpp:1350)
line	mul	loose	mul@lb=loose	0	U_USING_DEFAULT_WARNING	root	root	75432	3082ba71a14b908647417468307c32883f0ea4d3d5947b6a1e4840f9a053d8b9	brk/3082ba71a14b908647417468307c32883f0ea4d3d5947b6a1e4840f9a053d8b9.brk	round-trip-ok	TextBreakIteratorICU.h:56-67 via CachedLineBreakIteratorFactory (InlineItemsBuilder.cpp:950, TextUtil.cpp:384, InlineFormattingUtils.cpp:350, RenderText.cpp:1350)
line	mul	normal	mul@lb=normal	0	U_USING_DEFAULT_WARNING	root	root	73168	e0a181cf912e4caa81d80e053301b3b3ee7c1252339160ccae2bb9a659e24fbf	brk/e0a181cf912e4caa81d80e053301b3b3ee7c1252339160ccae2bb9a659e24fbf.brk	round-trip-ok	TextBreakIteratorICU.h:56-67 via CachedLineBreakIteratorFactory (InlineItemsBuilder.cpp:950, TextUtil.cpp:384, InlineFormattingUtils.cpp:350, RenderText.cpp:1350)
line	mul	strict	mul@lb=strict	0	U_USING_DEFAULT_WARNING	root	root	73280	33394b0828a31413031e54db9f2a8accf776fe9529f2ecb7902974a795e1937b	brk/33394b0828a31413031e54db9f2a8accf776fe9529f2ecb7902974a795e1937b.brk	round-trip-ok	TextBreakIteratorICU.h:56-67 via CachedLineBreakIteratorFactory (InlineItemsBuilder.cpp:950, TextUtil.cpp:384, InlineFormattingUtils.cpp:350, RenderText.cpp:1350)
line	root	default	root	0	U_ZERO_ERROR	root	root	73280	33394b0828a31413031e54db9f2a8accf776fe9529f2ecb7902974a795e1937b	brk/33394b0828a31413031e54db9f2a8accf776fe9529f2ecb7902974a795e1937b.brk	round-trip-ok	TextBreakIteratorICU.h:56-67 via CachedLineBreakIteratorFactory (InlineItemsBuilder.cpp:950, TextUtil.cpp:384, InlineFormattingUtils.cpp:350, RenderText.cpp:1350)
line	root	loose	root@lb=loose	0	U_ZERO_ERROR	root	root	75432	3082ba71a14b908647417468307c32883f0ea4d3d5947b6a1e4840f9a053d8b9	brk/3082ba71a14b908647417468307c32883f0ea4d3d5947b6a1e4840f9a053d8b9.brk	round-trip-ok	TextBreakIteratorICU.h:56-67 via CachedLineBreakIteratorFactory (InlineItemsBuilder.cpp:950, TextUtil.cpp:384, InlineFormattingUtils.cpp:350, RenderText.cpp:1350)
line	root	normal	root@lb=normal	0	U_ZERO_ERROR	root	root	73168	e0a181cf912e4caa81d80e053301b3b3ee7c1252339160ccae2bb9a659e24fbf	brk/e0a181cf912e4caa81d80e053301b3b3ee7c1252339160ccae2bb9a659e24fbf.brk	round-trip-ok	TextBreakIteratorICU.h:56-67 via CachedLineBreakIteratorFactory (InlineItemsBuilder.cpp:950, TextUtil.cpp:384, InlineFormattingUtils.cpp:350, RenderText.cpp:1350)
line	root	strict	root@lb=strict	0	U_ZERO_ERROR	root	root	73280	33394b0828a31413031e54db9f2a8accf776fe9529f2ecb7902974a795e1937b	brk/33394b0828a31413031e54db9f2a8accf776fe9529f2ecb7902974a795e1937b.brk	round-trip-ok	TextBreakIteratorICU.h:56-67 via CachedLineBreakIteratorFactory (InlineItemsBuilder.cpp:950, TextUtil.cpp:384, InlineFormattingUtils.cpp:350, RenderText.cpp:1350)
line	xx	default	xx	0	U_USING_DEFAULT_WARNING	root	root	73280	33394b0828a31413031e54db9f2a8accf776fe9529f2ecb7902974a795e1937b	brk/33394b0828a31413031e54db9f2a8accf776fe9529f2ecb7902974a795e1937b.brk	round-trip-ok	TextBreakIteratorICU.h:56-67 via CachedLineBreakIteratorFactory (InlineItemsBuilder.cpp:950, TextUtil.cpp:384, InlineFormattingUtils.cpp:350, RenderText.cpp:1350)
line	xx	loose	xx@lb=loose	0	U_USING_DEFAULT_WARNING	root	root	75432	3082ba71a14b908647417468307c32883f0ea4d3d5947b6a1e4840f9a053d8b9	brk/3082ba71a14b908647417468307c32883f0ea4d3d5947b6a1e4840f9a053d8b9.brk	round-trip-ok	TextBreakIteratorICU.h:56-67 via CachedLineBreakIteratorFactory (InlineItemsBuilder.cpp:950, TextUtil.cpp:384, InlineFormattingUtils.cpp:350, RenderText.cpp:1350)
line	xx	normal	xx@lb=normal	0	U_USING_DEFAULT_WARNING	root	root	73168	e0a181cf912e4caa81d80e053301b3b3ee7c1252339160ccae2bb9a659e24fbf	brk/e0a181cf912e4caa81d80e053301b3b3ee7c1252339160ccae2bb9a659e24fbf.brk	round-trip-ok	TextBreakIteratorICU.h:56-67 via CachedLineBreakIteratorFactory (InlineItemsBuilder.cpp:950, TextUtil.cpp:384, InlineFormattingUtils.cpp:350, RenderText.cpp:1350)
line	xx	strict	xx@lb=strict	0	U_USING_DEFAULT_WARNING	root	root	73280	33394b0828a31413031e54db9f2a8accf776fe9529f2ecb7902974a795e1937b	brk/33394b0828a31413031e54db9f2a8accf776fe9529f2ecb7902974a795e1937b.brk	round-trip-ok	TextBreakIteratorICU.h:56-67 via CachedLineBreakIteratorFactory (InlineItemsBuilder.cpp:950, TextUtil.cpp:384, InlineFormattingUtils.cpp:350, RenderText.cpp:1350)
line	i-klingon	default	i-klingon	0	U_USING_DEFAULT_WARNING	root	root	73280	33394b0828a31413031e54db9f2a8accf776fe9529f2ecb7902974a795e1937b	brk/33394b0828a31413031e54db9f2a8accf776fe9529f2ecb7902974a795e1937b.brk	round-trip-ok	TextBreakIteratorICU.h:56-67 via CachedLineBreakIteratorFactory (InlineItemsBuilder.cpp:950, TextUtil.cpp:384, InlineFormattingUtils.cpp:350, RenderText.cpp:1350)
line	i-klingon	loose	i-klingon@lb=loose	0	U_USING_DEFAULT_WARNING	root	root	75432	3082ba71a14b908647417468307c32883f0ea4d3d5947b6a1e4840f9a053d8b9	brk/3082ba71a14b908647417468307c32883f0ea4d3d5947b6a1e4840f9a053d8b9.brk	round-trip-ok	TextBreakIteratorICU.h:56-67 via CachedLineBreakIteratorFactory (InlineItemsBuilder.cpp:950, TextUtil.cpp:384, InlineFormattingUtils.cpp:350, RenderText.cpp:1350)
line	i-klingon	normal	i-klingon@lb=normal	0	U_USING_DEFAULT_WARNING	root	root	73168	e0a181cf912e4caa81d80e053301b3b3ee7c1252339160ccae2bb9a659e24fbf	brk/e0a181cf912e4caa81d80e053301b3b3ee7c1252339160ccae2bb9a659e24fbf.brk	round-trip-ok	TextBreakIteratorICU.h:56-67 via CachedLineBreakIteratorFactory (InlineItemsBuilder.cpp:950, TextUtil.cpp:384, InlineFormattingUtils.cpp:350, RenderText.cpp:1350)
line	i-klingon	strict	i-klingon@lb=strict	0	U_USING_DEFAULT_WARNING	root	root	73280	33394b0828a31413031e54db9f2a8accf776fe9529f2ecb7902974a795e1937b	brk/33394b0828a31413031e54db9f2a8accf776fe9529f2ecb7902974a795e1937b.brk	round-trip-ok	TextBreakIteratorICU.h:56-67 via CachedLineBreakIteratorFactory (InlineItemsBuilder.cpp:950, TextUtil.cpp:384, InlineFormattingUtils.cpp:350, RenderText.cpp:1350)
character	zh-Hans-US	default	zh-Hans-US	0	U_USING_DEFAULT_WARNING	root	zh	13904	a91df07f3e70504848c1494b029c9981904325afd636da2cf8ae145206ab1244	brk/a91df07f3e70504848c1494b029c9981904325afd636da2cf8ae145206ab1244.brk	round-trip-ok	TextBreakIterator.cpp:135-140 NonSharedCharacterBreakIterator
word	zh-Hans-US	default	zh-Hans-US	0	U_USING_DEFAULT_WARNING	root	zh	22968	b72fd92aefc26d34b070b3bddfa9edcce3beb4f3eec7fe3bc8a77c577a08c1f0	brk/b72fd92aefc26d34b070b3bddfa9edcce3beb4f3eec7fe3bc8a77c577a08c1f0.brk	round-trip-ok	TextBreakIterator.cpp:112-119 wordBreakIterator
sentence	zh-Hans-US	default	zh-Hans-US	0	U_USING_DEFAULT_WARNING	root	zh	19712	1fd346e03766afb658cb29a3b0a2b17b50e53a07edc1b4110728353e2f1497ec	brk/1fd346e03766afb658cb29a3b0a2b17b50e53a07edc1b4110728353e2f1497ec.brk	round-trip-ok	TextBreakIterator.cpp:122-129 sentenceBreakIterator
character	(empty)	default	(empty)	0	U_ZERO_ERROR	root	root	13904	a91df07f3e70504848c1494b029c9981904325afd636da2cf8ae145206ab1244	brk/a91df07f3e70504848c1494b029c9981904325afd636da2cf8ae145206ab1244.brk	round-trip-ok	comparison only: root character rules
